titulo,content,link,rss,horario,web,url_web,lugar,nivel,local,telefono,mail,tipo,texto_embedding,document_type,search_category
El Taller,"¿Qué es El Taller?..El Taller, Club de Helado y Café, nace el año 2015, con un equipo comprometido con hacer helado artesanal de Alta Calidad con cartas innovadoras en cada temporada del año. Especialistas en innovación con desarrollos especiales como la primera Carta de Sabores de Chile en Heladería, los primeros (segundos en el mundo) en desarrollar helados para la dieta KETO y otros desarrollos diversos como Mandarinas de Limarí, Merengue Frambuesa, Avellanas de Linares, Pistacho de Lampa y muchos más. Elegidos la 39o mejor heladería del Mundo, tercera de Sudamérica por The Daily Meal en su última edición publicada en 2018..Te podría interesar..#ffffff.0Heladería.",https://mut.cl/restaurante/el-taller/,https://www.instagram.com/eltallerchile; https://www.facebook.com/eltallercl/,L-V: 08:30 - 21:00 S-D: 09:30 - 21:00,www.eltallerchile.cl,https://www.eltallerchile.cl/,Nivel 1,1,,,,Restaurante,"COCINA: Restaurante | RESTAURANTE: El Taller | ¿Qué es El Taller?..El Taller, Club de Helado y Café, nace el año 2015, con un equipo comprometido con hacer helado artesanal de Alta Calidad con cartas innovadoras en cada temporada del año. Especialistas en innovación con desarrollos especiales como la primera Carta de Sabores de Chile en Heladería, los primeros (segundos en el mundo) en desarrollar helados para la dieta KETO y otros desarrollos diversos como Mandarinas de Limarí, Merengue Frambuesa, Avellanas de Linares, Pistacho de Lampa y muchos más. Elegidos la 39o mejor heladería del Mundo, tercera de Sudamérica por The Daily Meal en su última edición publicada en 2018..Te podría interesar..#ffffff.0Heladería. | UBICACION: Nivel 1 - Nivel 1 | HORARIO: L-V: 08:30 - 21:00 S-D: 09:30 - 21:00 | CONTACTO: Web: www.eltallerchile.cl",restaurante,gastronomia
Auguri,"¿Qué es Auguri?..Auguri busca llevar a todo público lo mejor de la alta gelateria artesanal. Para esto usamos ingredientes frescos sin ningún tipo de saborizantes o colorantes, sino que solo el sabor y aroma de pistachos, fruta fresca y chocolate de la mejor calidad. Por eso nuestros clientes siempre repiten &#8220;I love Auguri&#8221;!.Te podría interesar..#ffffff.0Cocina vegana.",https://mut.cl/restaurante/auguri/,https://www.instagram.com/iloveauguri/,L-D: 10:00 - 20:00,www.iloveauguri.cl,https://www.iloveauguri.cl/,Nivel 3,3,,,,Restaurante,"COCINA: Restaurante | RESTAURANTE: Auguri | ¿Qué es Auguri?..Auguri busca llevar a todo público lo mejor de la alta gelateria artesanal. Para esto usamos ingredientes frescos sin ningún tipo de saborizantes o colorantes, sino que solo el sabor y aroma de pistachos, fruta fresca y chocolate de la mejor calidad. Por eso nuestros clientes siempre repiten &#8220;I love Auguri&#8221;!.Te podría interesar..#ffffff.0Cocina vegana. | UBICACION: Nivel 3 - Nivel 3 | HORARIO: L-D: 10:00 - 20:00 | CONTACTO: Web: www.iloveauguri.cl",restaurante,gastronomia
The Coffee,"¿Qué es The Coffee?..Alta calidad, perfeccionismo, minimalismo y optimización del espacio son algunas de las características que inspiraron la creación de The Coffee..Te podría interesar.Descubre nuevos sabores y una variada oferta gastronómica en MUT..0Cafetería.",https://mut.cl/restaurante/the-coffee/,https://www.instagram.com/thecoffee.chile/?hl=es,L-V: 08:30 - 20:00 S-D: 10:00 - 20:00,www.thecoffee.jp,https://thecoffee.jp/,Nivel -1,-1,,,,Restaurante,"COCINA: Restaurante | RESTAURANTE: The Coffee | ¿Qué es The Coffee?..Alta calidad, perfeccionismo, minimalismo y optimización del espacio son algunas de las características que inspiraron la creación de The Coffee..Te podría interesar.Descubre nuevos sabores y una variada oferta gastronómica en MUT..0Cafetería. | UBICACION: Nivel -1 - Nivel -1 | HORARIO: L-V: 08:30 - 20:00 S-D: 10:00 - 20:00 | CONTACTO: Web: www.thecoffee.jp",restaurante,gastronomia
Pasteles Orientales,"¿Qué es Pasteles Orientales?..Dulces y Comida árabe de tradición. Pasteles Orientales desde 1954, pioneros de la comida y dulces árabe en Chile..Te podría interesar..#ffffff.0Dulces.Repostería.",https://mut.cl/restaurante/pasteles-orientales/,https://www.instagram.com/pasteles.orientales/,L-S: 10:00 - 21:00,ww.pastelesorientales.cl,https://pastelesorientales.cl/,Nivel -2,-2,,,,Restaurante,"COCINA: Restaurante | RESTAURANTE: Pasteles Orientales | ¿Qué es Pasteles Orientales?..Dulces y Comida árabe de tradición. Pasteles Orientales desde 1954, pioneros de la comida y dulces árabe en Chile..Te podría interesar..#ffffff.0Dulces.Repostería. | UBICACION: Nivel -2 - Nivel -2 | HORARIO: L-S: 10:00 - 21:00 | CONTACTO: Web: ww.pastelesorientales.cl",restaurante,gastronomia
La Verità,¿Qué es La Verità?..Vive la experiencia italiana en casa con ingredientes premium y recetas auténticas. Descubre la dulzura del auténtico cannoli siciliano..Te podría interesar..#ffffff.0Repostería.,https://mut.cl/restaurante/la-verita/,https://www.instagram.com/laverita.cl/,L-S: 10:00 - 21:00,www.laverita.cl,https://www.laverita.cl/,Nivel -2,-2,,,,Restaurante,COCINA: Restaurante | RESTAURANTE: La Verità | ¿Qué es La Verità?..Vive la experiencia italiana en casa con ingredientes premium y recetas auténticas. Descubre la dulzura del auténtico cannoli siciliano..Te podría interesar..#ffffff.0Repostería. | UBICACION: Nivel -2 - Nivel -2 | HORARIO: L-S: 10:00 - 21:00 | CONTACTO: Web: www.laverita.cl,restaurante,gastronomia
Ciao Amore,"¿Qué es Ciao Amore?..Ciao Amore es una heladería artesanal chilena que se inspira en el gelato italiano para ofrecer una experiencia única de sabor y calidez. Con ingredientes naturales y una cuidada estética, cada helado es elaborado con dedicación, buscando entregar no solo un producto de calidad, sino también un momento para disfrutar y compartir. Su nombre refleja su esencia: cercanía, belleza y amor por lo bien hecho..Te podría interesar.Descubre nuevos sabores y una variada oferta gastronómica en MUT..0Heladería.",https://mut.cl/restaurante/ciao-amore/,https://www.instagram.com/ciaoamore_chile?utm_source=ig_web_button_share_sheet&igsh=ejNveGRicmQ4Y2x1,L-D: 10:00 - 20:00,,,Nivel -1,-1,,,,Restaurante,"COCINA: Restaurante | RESTAURANTE: Ciao Amore | ¿Qué es Ciao Amore?..Ciao Amore es una heladería artesanal chilena que se inspira en el gelato italiano para ofrecer una experiencia única de sabor y calidez. Con ingredientes naturales y una cuidada estética, cada helado es elaborado con dedicación, buscando entregar no solo un producto de calidad, sino también un momento para disfrutar y compartir. Su nombre refleja su esencia: cercanía, belleza y amor por lo bien hecho..Te podría interesar.Descubre nuevos sabores y una variada oferta gastronómica en MUT..0Heladería. | UBICACION: Nivel -1 - Nivel -1 | HORARIO: L-D: 10:00 - 20:00",restaurante,gastronomia
Chinga tu Taco,"¿Qué es Chinga tu Taco?..En Chinga Tu Taco, no le tenemos miedo a nada. Especialmente cuando se trata de sabor ¿Estás listo para sentir la emoción del sabor?.Te podría interesar.Descubre nuevos sabores y una variada oferta gastronómica en MUT..0Acai.Cocinería.",https://mut.cl/restaurante/chinga-tu-taco/,https://www.instagram.com/chingatutacochile/?hl=es; https://www.facebook.com/chingatutacochile,L-D: 10:00 - 21:00,,,Nivel -2,,,,,Restaurante,"COCINA: Restaurante | RESTAURANTE: Chinga tu Taco | ¿Qué es Chinga tu Taco?..En Chinga Tu Taco, no le tenemos miedo a nada. Especialmente cuando se trata de sabor ¿Estás listo para sentir la emoción del sabor?.Te podría interesar.Descubre nuevos sabores y una variada oferta gastronómica en MUT..0Acai.Cocinería. | UBICACION: Nivel -2 | HORARIO: L-D: 10:00 - 21:00",restaurante,gastronomia
Cevichería al Paso,"¿Qué es Al Paso Cevichería?..Cuando entras a Al Paso Cevichería, te sumerges en un espacio donde la frescura del mar se transforma en sabores únicos, preparados al gusto. Somos una empresa familiar que nació en 2016 en Algarrobo, con el sueño de ofrecer comida rápida que no sacrificara calidad ni autenticidad. Hoy también estamos presentes en el vibrante Mercado Urbano Tobalaba (MUT) en Santiago, y pronto abriremos una nueva sucursal en Viña del Mar, para seguir acercando nuestra propuesta a más personas. Aquí tú decides cómo será tu plato: eliges la proteína, las salsas, el crunch, y nosotros lo preparamos frente a ti, para que disfrutes de un ceviche hecho exactamente como te gusta. También puedes elegir entre nuestros sándwich marinos, donde cada ingrediente fue seleccionado con dedicación y cariño. Al Paso Cevichería no es solo comida: es tu espacio para redescubrir la cocina del mar con libertad y buen gusto..Te podría interesar.Descubre nuevos sabores y una variada oferta gastronómica en MUT..0Cocinería.",https://mut.cl/restaurante/cevicheria-al-paso/,https://www.instagram.com/alpasocevicheria?utm_source=ig_web_button_share_sheet&igsh=MWUxdHE2bnJpdWdnMQ==; https://www.tiktok.com/@cevicherialpaso?_t=ZM-8y8lyNxlroz&_r=1,L-D: 11:30 - 20:00,,,Nivel -2,,,,alpasocevicheria@gmail.com,Restaurante,"COCINA: Restaurante | RESTAURANTE: Cevichería al Paso | ¿Qué es Al Paso Cevichería?..Cuando entras a Al Paso Cevichería, te sumerges en un espacio donde la frescura del mar se transforma en sabores únicos, preparados al gusto. Somos una empresa familiar que nació en 2016 en Algarrobo, con el sueño de ofrecer comida rápida que no sacrificara calidad ni autenticidad. Hoy también estamos presentes en el vibrante Mercado Urbano Tobalaba (MUT) en Santiago, y pronto abriremos una nueva sucursal en Viña del Mar, para seguir acercando nuestra propuesta a más personas. Aquí tú decides cómo será tu plato: eliges la proteína, las salsas, el crunch, y nosotros lo preparamos frente a ti, para que disfrutes de un ceviche hecho exactamente como t | UBICACION: Nivel -2 | HORARIO: L-D: 11:30 - 20:00 | CONTACTO: Email: alpasocevicheria@gmail.com",restaurante,gastronomia
Diablo Vino &#038; Fuego,"¿Qué es Diablo Vino &#038; Fuego?..Somos la comunidad de los amantes de una buena copa, buenos platos y buena compañía. Para disfrutar de nuestra carta no tienes que saber de vino, solo debes decidir qué estilo te gustaría descubrir hoy..Te podría interesar.Descubre nuevos sabores y una variada oferta gastronómica en MUT..0Restaurante.Vinos.",https://mut.cl/restaurante/diablo-vino-fuego/,https://www.instagram.com/diablo.restaurant/,Lunes a miércoles: 12:30-22:30. Jueves a sábado: 12:30-23:30. Domingo: 13:00-17:30,www.diablorestaurant.com,https://diablorestaurant.com/,Nivel 5,,,,,Restaurante,"COCINA: Restaurante | RESTAURANTE: Diablo Vino &#038; Fuego | ¿Qué es Diablo Vino &#038; Fuego?..Somos la comunidad de los amantes de una buena copa, buenos platos y buena compañía. Para disfrutar de nuestra carta no tienes que saber de vino, solo debes decidir qué estilo te gustaría descubrir hoy..Te podría interesar.Descubre nuevos sabores y una variada oferta gastronómica en MUT..0Restaurante.Vinos. | UBICACION: Nivel 5 | HORARIO: Lunes a miércoles: 12:30-22:30. Jueves a sábado: 12:30-23:30. Domingo: 13:00-17:30 | CONTACTO: Web: www.diablorestaurant.com",restaurante,gastronomia
Potato Patata,"¿Qué es Potato Patata?..Somos un local ubicado en MUT (Mercado Urbano Tobalaba), especializado en papas fritas naturales servidas en conos compostables de distintos tamaños. Trabajamos con insumos frescos y proveedores exigentes, lo que se refleja en la alta calidad de nuestros productos y en la excelente recepción del público que valora nuestra propuesta..Te podría interesar.Descubre nuevos sabores y una variada oferta gastronómica en MUT..0Cocinería.",https://mut.cl/restaurante/potato-patata/,https://www.instagram.com/potatopatata_cl/,L-S: 12:00 - 21:00 D: 12:00 - 20.00,www.potatopatata.cl,https://www.potatopatata.cl/,Nivel -2,,,,,Restaurante,"COCINA: Restaurante | RESTAURANTE: Potato Patata | ¿Qué es Potato Patata?..Somos un local ubicado en MUT (Mercado Urbano Tobalaba), especializado en papas fritas naturales servidas en conos compostables de distintos tamaños. Trabajamos con insumos frescos y proveedores exigentes, lo que se refleja en la alta calidad de nuestros productos y en la excelente recepción del público que valora nuestra propuesta..Te podría interesar.Descubre nuevos sabores y una variada oferta gastronómica en MUT..0Cocinería. | UBICACION: Nivel -2 | HORARIO: L-S: 12:00 - 21:00 D: 12:00 - 20.00 | CONTACTO: Web: www.potatopatata.cl",restaurante,gastronomia
Bibimpop,"¿Qué es Bibimpop?..Bibimpop es una propuesta de cocina tradicional y fusión coreana, inspirada en el vibrante street food de Corea del Sur. Su plato principal, el bibimbap, es la base para que cada persona cree su propio bowl, eligiendo arroz, proteínas, vegetales, toppings y salsas como el gochujang picante. Más que un restaurante, Bibimpop busca acercar la cultura coreana de forma fresca, flexible y personalizada..Te podría interesar.Descubre nuevos sabores y una variada oferta gastronómica en MUT..0Oriental.",https://mut.cl/restaurante/bibimpop/,https://www.instagram.com/bibimpop.cl/?hl=es; https://www.facebook.com/people/Bibimpopcl/100093809945064/?_rdr; https://www.tiktok.com/@bibimpop.cl,L-S: 12:00 - 20:30 D: 12:00 - 20:00,www.bibimpop.cl,http://www.BIBIMPOP.CL,Nivel -2,,,,,Restaurante,"COCINA: Restaurante | RESTAURANTE: Bibimpop | ¿Qué es Bibimpop?..Bibimpop es una propuesta de cocina tradicional y fusión coreana, inspirada en el vibrante street food de Corea del Sur. Su plato principal, el bibimbap, es la base para que cada persona cree su propio bowl, eligiendo arroz, proteínas, vegetales, toppings y salsas como el gochujang picante. Más que un restaurante, Bibimpop busca acercar la cultura coreana de forma fresca, flexible y personalizada..Te podría interesar.Descubre nuevos sabores y una variada oferta gastronómica en MUT..0Oriental. | UBICACION: Nivel -2 | HORARIO: L-S: 12:00 - 20:30 D: 12:00 - 20:00 | CONTACTO: Web: www.bibimpop.cl",restaurante,gastronomia
Sama,"¿Qué es Sama?..En Sama hacemos empanadas horneadas de autor, con recetas de la ganadora de Masterchef Chile, Camila Ruiz y una innovadora propuesta de masas de colores hechas con ingredientes naturales. Queremos traerle color a tu mesa con un mensaje de alegría, identidad y contraste que representa a Latinoamérica. Tenemos 12 empanadas entre dulces y saladas, inspiradas en platos clásicos latinoamericanos y con detalle de los macronutrientes de cada una (carbohidratos, grasa y proteínas). Combínalas con nuestras salsas y en su versión individual o caja de 6-12 para compartir con amigos o familia. Tenemos opciones para todos: veganas, como setas ahumadas o curry de zapallito; carnívoras, como lomo saltado o pollo a la huancaína; y vegetarianas, como el chupe de palmitos, que es una de las favoritas del público..Te podría interesar..#ffffff.0Cocinería.Empanadas.",https://mut.cl/restaurante/sama/,https://www.instagram.com/sama_cl/,L-D: 10:00 - 20:00,www.samafoods.cl,https://www.samafoods.cl/,Nivel -2,-2,2053,,,Restaurante,"COCINA: Restaurante | RESTAURANTE: Sama | ¿Qué es Sama?..En Sama hacemos empanadas horneadas de autor, con recetas de la ganadora de Masterchef Chile, Camila Ruiz y una innovadora propuesta de masas de colores hechas con ingredientes naturales. Queremos traerle color a tu mesa con un mensaje de alegría, identidad y contraste que representa a Latinoamérica. Tenemos 12 empanadas entre dulces y saladas, inspiradas en platos clásicos latinoamericanos y con detalle de los macronutrientes de cada una (carbohidratos, grasa y proteínas). Combínalas con nuestras salsas y en su versión individual o caja de 6-12 para compartir con amigos o familia. Tenemos opciones para todos: veganas, como setas ahumadas o curry de zapallito; carnívor | UBICACION: Nivel -2 - Nivel -2 - Local 2053 | HORARIO: L-D: 10:00 - 20:00 | CONTACTO: Web: www.samafoods.cl",restaurante,gastronomia
Mr POP,"¿Qué es Mr POP?..En MR POP convertimos el popcorn en un pequeño lujo cotidiano. Nuestros 15 sabores artesanales -cuidadosamente elaborados a mano- ofrecen un recorrido sensorial que va de lo clásico a lo inesperado, siempre con la textura crujiente y el frescor que solo un producto hecho con dedicación puede garantizar. Cada bolsa encierra una invitación al placer simple, ideal para acompañar una noche de cine, una conversación extendida o ese instante donde el antojo pide algo más que lo habitual. Y como sabemos que elegir solo uno es difícil, te invitamos a degustarlos gratuitamente, de lunes a domingo, para que descubras cuál será tu próximo favorito. MR POP, el mejor popcorn gourmet para tus panoramas de película.Te podría interesar.Descubre nuevos sabores y una variada oferta gastronómica en MUT..0Dulcería.Dulces.",https://mut.cl/restaurante/mr-pop/,https://www.instagram.com/mrpopchile,L-S: 10:30 - 19:30 D & F: 10:30 - 19:30,www.misterpop.cl,https://www.misterpop.cl/,,,,,,Restaurante,"COCINA: Restaurante | RESTAURANTE: Mr POP | ¿Qué es Mr POP?..En MR POP convertimos el popcorn en un pequeño lujo cotidiano. Nuestros 15 sabores artesanales -cuidadosamente elaborados a mano- ofrecen un recorrido sensorial que va de lo clásico a lo inesperado, siempre con la textura crujiente y el frescor que solo un producto hecho con dedicación puede garantizar. Cada bolsa encierra una invitación al placer simple, ideal para acompañar una noche de cine, una conversación extendida o ese instante donde el antojo pide algo más que lo habitual. Y como sabemos que elegir solo uno es difícil, te invitamos a degustarlos gratuitamente, de lunes a domingo, para que descubras cuál será tu próximo favorito. MR POP, el mejor popcorn  | HORARIO: L-S: 10:30 - 19:30 D & F: 10:30 - 19:30 | CONTACTO: Web: www.misterpop.cl",restaurante,gastronomia
Gastronautas,"¿Qué es Gastronautas?..Gastronautas es un viaje seguro a la cultura gastronómica y a sabores reales. Su carta ofrece preparaciones dinámicas, dulces y saladas, elaboradas con ingredientes auténticos, amor y genialidad..Te podría interesar.Descubre nuevos sabores y una variada oferta gastronómica en MUT..0Cocinería.Repostería.",https://mut.cl/restaurante/gastronautas/,https://www.instagram.com/gastronautas.cl/,L-D: 11:30 - 20:00,,,Nivel -2,,,,,Restaurante,"COCINA: Restaurante | RESTAURANTE: Gastronautas | ¿Qué es Gastronautas?..Gastronautas es un viaje seguro a la cultura gastronómica y a sabores reales. Su carta ofrece preparaciones dinámicas, dulces y saladas, elaboradas con ingredientes auténticos, amor y genialidad..Te podría interesar.Descubre nuevos sabores y una variada oferta gastronómica en MUT..0Cocinería.Repostería. | UBICACION: Nivel -2 | HORARIO: L-D: 11:30 - 20:00",restaurante,gastronomia
Je Suis Raclette,"¿Qué es Je Suis Raclette?..JSR brinda una propuesta gastronómica qué fusiona esté plato tan apreciado en Suiza, Francia e Italia, con los sabores sudamericanos tradicionales cómo las mejores carnes de res y cerdo, variedad de vegetales, panes de masa madre y el mejor queso suizo. Todos estos ingredientes son cuidadosamente seleccionados para garantizar a nuestros clientes platos elaborados con los productos de la más alta calidad..Te podría interesar.Descubre nuevos sabores y una variada oferta gastronómica en MUT..0Restaurante.",https://mut.cl/restaurante/je-suis-raclette/,https://www.instagram.com/jesuisraclette?igsh=MWU3MTEyZjJha2lkYw%3D%3D&,L-D: 12:00 - 20:00,,,Nivel -2,,,,,Restaurante,"COCINA: Restaurante | RESTAURANTE: Je Suis Raclette | ¿Qué es Je Suis Raclette?..JSR brinda una propuesta gastronómica qué fusiona esté plato tan apreciado en Suiza, Francia e Italia, con los sabores sudamericanos tradicionales cómo las mejores carnes de res y cerdo, variedad de vegetales, panes de masa madre y el mejor queso suizo. Todos estos ingredientes son cuidadosamente seleccionados para garantizar a nuestros clientes platos elaborados con los productos de la más alta calidad..Te podría interesar.Descubre nuevos sabores y una variada oferta gastronómica en MUT..0Restaurante. | UBICACION: Nivel -2 | HORARIO: L-D: 12:00 - 20:00",restaurante,gastronomia
Crudo Sin Censura,"¿Qué es Crudo Sin Censura?..Con más de 10 años de existencia Crudo Sin Censura es el primer delivery de Crudo en Chile. Con 2 locales desde los que despachan a todo Santiago, son especialistas en preparaciones crudas. Hoy llegan al MUT con su plato estrella en un formato para consumir en el lugar o al paso para quienes transiten el metro y el Mercado..Te podría interesar.Descubre nuevos sabores y una variada oferta gastronómica en MUT..0Restaurante.",https://mut.cl/restaurante/crudo-y-sin-censura/,https://www.instagram.com/crudosincensura,L-D: 12:00 - 20:00,,,Nivel -2,,,,,Restaurante,"COCINA: Restaurante | RESTAURANTE: Crudo Sin Censura | ¿Qué es Crudo Sin Censura?..Con más de 10 años de existencia Crudo Sin Censura es el primer delivery de Crudo en Chile. Con 2 locales desde los que despachan a todo Santiago, son especialistas en preparaciones crudas. Hoy llegan al MUT con su plato estrella en un formato para consumir en el lugar o al paso para quienes transiten el metro y el Mercado..Te podría interesar.Descubre nuevos sabores y una variada oferta gastronómica en MUT..0Restaurante. | UBICACION: Nivel -2 | HORARIO: L-D: 12:00 - 20:00",restaurante,gastronomia
Vique Club,"¿Qué es Vique Club?..Club de vinos de autor de Chile, el más choriflai! Es una suscripción mensual que no te amarra, eliges el plan que más se parezca a ti y te llegará la Box más macanua todos los meses a la puerta de tu casa, con una selección de vinos topisimos que cambian mes a mes, junto a una explicación aterrizada de nuestros sommeliers! Al ser socios tienes los tremendos beneficios (20% kiosko permanenete + 25% catas experimentales), si eres fanático del vino, te invitamos a ser parte del club y conocer este patrimonio vitivinicola escondido en Chile!&#8230;pa ́chuparse los bigotes! .Te podría interesar.Descubre nuevos sabores y una variada oferta gastronómica en MUT..0Vinos.",https://mut.cl/restaurante/vique-club/,https://www.instagram.com/viqueclub/,L-D: 10:00 - 20:00,,,Nivel -2,,,,,Restaurante,"COCINA: Restaurante | RESTAURANTE: Vique Club | ¿Qué es Vique Club?..Club de vinos de autor de Chile, el más choriflai! Es una suscripción mensual que no te amarra, eliges el plan que más se parezca a ti y te llegará la Box más macanua todos los meses a la puerta de tu casa, con una selección de vinos topisimos que cambian mes a mes, junto a una explicación aterrizada de nuestros sommeliers! Al ser socios tienes los tremendos beneficios (20% kiosko permanenete + 25% catas experimentales), si eres fanático del vino, te invitamos a ser parte del club y conocer este patrimonio vitivinicola escondido en Chile!&#8230;pa ́chuparse los bigotes! .Te podría interesar.Descubre nuevos sabores y una variada oferta gastronómica en MUT..0Vin | UBICACION: Nivel -2 | HORARIO: L-D: 10:00 - 20:00",restaurante,gastronomia
Ambrosía Bistro,"¿Qué es Ambrosía Bistro?..Ambrosía Bistro es un restaurante dirigido por la chef Carolina Bazán y la sommelier Rosario Onetto. Destacado nacional e internacionalmente por su creatividad culinaria y el uso de ingredientes frescos y locales, así como una cuidada selección de vinos, ofrece una experiencia gastronómica excepcional en un ambiente casual. Bienvenidos a la Bistronomia..Te podría interesar.Descubre nuevos sabores y una variada oferta gastronómica en MUT..0Restaurante.",https://mut.cl/restaurante/ambrosia-bistro/,https://www.instagram.com/bistro_ambrosia/,Lunes a sábado 12:30 a 23:00 hrs (última reserva a las 22:00) | Domingo 10:00 a 16:30 hrs (última reserva 14:30),,,Nivel 4,,,,,Restaurante,"COCINA: Restaurante | RESTAURANTE: Ambrosía Bistro | ¿Qué es Ambrosía Bistro?..Ambrosía Bistro es un restaurante dirigido por la chef Carolina Bazán y la sommelier Rosario Onetto. Destacado nacional e internacionalmente por su creatividad culinaria y el uso de ingredientes frescos y locales, así como una cuidada selección de vinos, ofrece una experiencia gastronómica excepcional en un ambiente casual. Bienvenidos a la Bistronomia..Te podría interesar.Descubre nuevos sabores y una variada oferta gastronómica en MUT..0Restaurante. | UBICACION: Nivel 4 | HORARIO: Lunes a sábado 12:30 a 23:00 hrs (última reserva a las 22:00) | Domingo 10:00 a 16:30 hrs (última reserva 14:30)",restaurante,gastronomia
Macarons Riches,"¿Qué es Macarons Riches?..¡Traemos un pedacito de Francia a tu boca! Aquí podrás encontrar una gran variedad de sabores y colores de esta deliciosa galleta tradicional francesa, el macarons..Te podría interesar.Descubre nuevos sabores y una variada oferta gastronómica en MUT..0Dulcería.",https://mut.cl/restaurante/macarons-riches/,https://www.instagram.com/macaronsriches/,L-D: 11:00 - 20:00,,,Nivel -2,,,,,Restaurante,"COCINA: Restaurante | RESTAURANTE: Macarons Riches | ¿Qué es Macarons Riches?..¡Traemos un pedacito de Francia a tu boca! Aquí podrás encontrar una gran variedad de sabores y colores de esta deliciosa galleta tradicional francesa, el macarons..Te podría interesar.Descubre nuevos sabores y una variada oferta gastronómica en MUT..0Dulcería. | UBICACION: Nivel -2 | HORARIO: L-D: 11:00 - 20:00",restaurante,gastronomia
Loca Pasta,"¿Qué es Loca Pasta?..Mucho más que un simple plato de pasta. Es una oda a la cocina italiana tradicional, elaborada con ingredientes frescos y de la más alta calidad. Un homenaje a la pasión y la dedicación de quienes han perfeccionado esta receta durante generaciones.Te podría interesar.Descubre nuevos sabores y una variada oferta gastronómica en MUT..0Pasta.",https://mut.cl/restaurante/loca-pasta/,https://www.instagram.com/locapastacl/,L-D: 10:00 - 21:00,,,Nivel -2,Nivel -2,,,,Restaurante,"COCINA: Restaurante | RESTAURANTE: Loca Pasta | ¿Qué es Loca Pasta?..Mucho más que un simple plato de pasta. Es una oda a la cocina italiana tradicional, elaborada con ingredientes frescos y de la más alta calidad. Un homenaje a la pasión y la dedicación de quienes han perfeccionado esta receta durante generaciones.Te podría interesar.Descubre nuevos sabores y una variada oferta gastronómica en MUT..0Pasta. | UBICACION: Nivel -2 - Nivel Nivel -2 | HORARIO: L-D: 10:00 - 21:00",restaurante,gastronomia
Toni Lautaro,"¿Qué es Toni Lautaro?..Piczas, Fuego y Antonipasti. 99% Chileno 1% Napolitano.Te podría interesar.Descubre nuevos sabores y una variada oferta gastronómica en MUT..0Restaurante.",https://mut.cl/restaurante/toni-lautaro/,https://www.instagram.com/toni_lautaro/?hl=es,L-D: 13:00 - 23:00,,,Nivel 4,,,,,Restaurante,"COCINA: Restaurante | RESTAURANTE: Toni Lautaro | ¿Qué es Toni Lautaro?..Piczas, Fuego y Antonipasti. 99% Chileno 1% Napolitano.Te podría interesar.Descubre nuevos sabores y una variada oferta gastronómica en MUT..0Restaurante. | UBICACION: Nivel 4 | HORARIO: L-D: 13:00 - 23:00",restaurante,gastronomia
Stgo Cheesemongers,"¿Qué es Stgo Cheesemongers?..Stgo Cheesemongers es un paraíso para los amantes del queso. Con una selección impresionante de quesos artesanales locales e internacionales, además de sándwiches innovadores y degustaciones, ofrece una experiencia gastronómica única. Es una visita obligada para cualquier aficionado al queso..Te podría interesar.Descubre nuevos sabores y una variada oferta gastronómica en MUT..0Quesería.",https://mut.cl/restaurante/stgo-cheesemongers/,https://www.instagram.com/stgo_cheesemongers/; https://www.facebook.com/profile.php?id=61557648727965,L-D: 10:00 - 20:00,,,Nivel -2,,,,,Restaurante,"COCINA: Restaurante | RESTAURANTE: Stgo Cheesemongers | ¿Qué es Stgo Cheesemongers?..Stgo Cheesemongers es un paraíso para los amantes del queso. Con una selección impresionante de quesos artesanales locales e internacionales, además de sándwiches innovadores y degustaciones, ofrece una experiencia gastronómica única. Es una visita obligada para cualquier aficionado al queso..Te podría interesar.Descubre nuevos sabores y una variada oferta gastronómica en MUT..0Quesería. | UBICACION: Nivel -2 | HORARIO: L-D: 10:00 - 20:00",restaurante,gastronomia
Castaño,"¿Qué es Castaño?..En Castaño estamos comprometidos con ofrecer productos muy ricos y accesibles, con un gran servicio, para mejorar el día a día de las personas. El secreto de nuestra receta es el compromiso cotidiano de nuestros colaboradores que trabajan con dedicación y cariño..Te podría interesar.Descubre nuevos sabores y una variada oferta gastronómica en MUT..0Panadería.",https://mut.cl/restaurante/castano/,https://www.instagram.com/castano_chile/; https://www.facebook.com/p/Casta%C3%B1o-100067331229596/?paipv=0&eav=Afa3RGN0xY7Njvcr13nY_tVuc6YpjGn5rc6TuNdAYpmCbkSOZm849Dt0JHjlgT1l9HI&_rdr,L-D: 08:00 - 20:00,,,Nivel -3,,,,,Restaurante,"COCINA: Restaurante | RESTAURANTE: Castaño | ¿Qué es Castaño?..En Castaño estamos comprometidos con ofrecer productos muy ricos y accesibles, con un gran servicio, para mejorar el día a día de las personas. El secreto de nuestra receta es el compromiso cotidiano de nuestros colaboradores que trabajan con dedicación y cariño..Te podría interesar.Descubre nuevos sabores y una variada oferta gastronómica en MUT..0Panadería. | UBICACION: Nivel -3 | HORARIO: L-D: 08:00 - 20:00",restaurante,gastronomia
Rebelde Bakery &#038; Coffee,"¿Qué es Rebelde Bakery &#038; Coffee?..Inspirado en la pasión por la autenticidad y el deseo de desafiar lo convencional, REBELDE no es solo un lugar para satisfacer los antojos de café, panes recién horneados y sabores originales, sino también un punto de encuentro para la comunidad que valora la creatividad, la cocina honesta y el buen ambiente..Te podría interesar..#ffffff.0Cafetería.",https://mut.cl/restaurante/rebelde/,https://www.instagram.com/rebelde.bakery?igsh=MWE0MmxlNWFsajJrOA%3D%3D&utm_source=qr,L-D: 10:00 - 20:00,,,Nivel 3,,,,,Restaurante,"COCINA: Restaurante | RESTAURANTE: Rebelde Bakery &#038; Coffee | ¿Qué es Rebelde Bakery &#038; Coffee?..Inspirado en la pasión por la autenticidad y el deseo de desafiar lo convencional, REBELDE no es solo un lugar para satisfacer los antojos de café, panes recién horneados y sabores originales, sino también un punto de encuentro para la comunidad que valora la creatividad, la cocina honesta y el buen ambiente..Te podría interesar..#ffffff.0Cafetería. | UBICACION: Nivel 3 | HORARIO: L-D: 10:00 - 20:00",restaurante,gastronomia
Feröz,"¿Qué es Feröz?..Chocolatería inspirada en sus orígenes suizos, fundada por dos hermanos que buscan generar la mejor experiencia para los fanáticos del chocolate..Te podría interesar.Descubre nuevos sabores y una variada oferta gastronómica en MUT..0Chocolates.",https://mut.cl/restaurante/feroz/,https://www.instagram.com/ferozchocolates/; https://www.facebook.com/ferozchocolates/,L-D: 10:00 - 20:00,,,Nivel -3,-3,,,,Restaurante,"COCINA: Restaurante | RESTAURANTE: Feröz | ¿Qué es Feröz?..Chocolatería inspirada en sus orígenes suizos, fundada por dos hermanos que buscan generar la mejor experiencia para los fanáticos del chocolate..Te podría interesar.Descubre nuevos sabores y una variada oferta gastronómica en MUT..0Chocolates. | UBICACION: Nivel -3 - Nivel -3 | HORARIO: L-D: 10:00 - 20:00",restaurante,gastronomia
Tip Top Galletas,"¿Qué es Tip Top?..Tip-Top es la galleta de Chile. Durante 40 años ha endulzado los hogares de chilenas y chilenos, con su exquisito sabor e inconfundible aroma de galletas recién horneadas.Ofrece una amplia variedad de galletas, que se dividen en tres categorías: clásicas, rellenas y bañadas, las cuales aún conservan la tradición de sus recetas y técnicas de horneo..Te podría interesar.Descubre nuevos sabores y una variada oferta gastronómica en MUT..0Galletería.",https://mut.cl/restaurante/tip-top-galletas/,https://www.instagram.com/galletastiptop/; https://www.facebook.com/Galletastiptop,L-S: 10:00 - 20:00 D & F: 10:00 - 19:00,,,Nivel -3,-3,,,,Restaurante,"COCINA: Restaurante | RESTAURANTE: Tip Top Galletas | ¿Qué es Tip Top?..Tip-Top es la galleta de Chile. Durante 40 años ha endulzado los hogares de chilenas y chilenos, con su exquisito sabor e inconfundible aroma de galletas recién horneadas.Ofrece una amplia variedad de galletas, que se dividen en tres categorías: clásicas, rellenas y bañadas, las cuales aún conservan la tradición de sus recetas y técnicas de horneo..Te podría interesar.Descubre nuevos sabores y una variada oferta gastronómica en MUT..0Galletería. | UBICACION: Nivel -3 - Nivel -3 | HORARIO: L-S: 10:00 - 20:00 D & F: 10:00 - 19:00",restaurante,gastronomia
La Fête Chocolat,"¿Qué es La Fête Chocolat?..La Fête Chocolat nace para difundir alegría a través de los mejores chocolates del mundo. Impulsados por una obsesión por la calidad, viajan por las regiones cacaoteras más destacadas del mundo en busca de los mejores ingredientes naturales. Su enfoque innovador y creativo se refleja en cada bombón, galleta y chocolate, cuidando cada detalle, desde la selección de ingredientes hasta el diseño final. Chocolates de cacao trazable con envases aptos para ser reciclados. En esta tienda de La Fête también puedes encontrar una exclusiva cafetería con distintas opciones para llevar..Te podría interesar.Descubre nuevos sabores y una variada oferta gastronómica en MUT..0Cafetería.Chocolates.",https://mut.cl/restaurante/la-fete/,https://www.instagram.com/lafetechocolat/?hl=es; https://www.facebook.com/lafetechocolat/?locale=es_LA,L-D: 10:00 - 20:00,www.lafetechocolat.com,https://cl.lafetechocolat.com/,Nivel 1,1,,,,Restaurante,"COCINA: Restaurante | RESTAURANTE: La Fête Chocolat | ¿Qué es La Fête Chocolat?..La Fête Chocolat nace para difundir alegría a través de los mejores chocolates del mundo. Impulsados por una obsesión por la calidad, viajan por las regiones cacaoteras más destacadas del mundo en busca de los mejores ingredientes naturales. Su enfoque innovador y creativo se refleja en cada bombón, galleta y chocolate, cuidando cada detalle, desde la selección de ingredientes hasta el diseño final. Chocolates de cacao trazable con envases aptos para ser reciclados. En esta tienda de La Fête también puedes encontrar una exclusiva cafetería con distintas opciones para llevar..Te podría interesar.Descubre nuevos sabores y una variada oferta gastronómic | UBICACION: Nivel 1 - Nivel 1 | HORARIO: L-D: 10:00 - 20:00 | CONTACTO: Web: www.lafetechocolat.com",restaurante,gastronomia
Starburcks,"¿Qué es Starbucks?..En Starbucks están comprometidos con la conexión con las personas. Se aseguran de que todo lo que hacen respete esa conexión, desde el compromiso con el café de la mejor calidad hasta la forma en que se relacionan con sus clientes y comunidades para hacer negocios de manera responsable..Te podría interesar.Descubre nuevos sabores y una variada oferta gastronómica en MUT..0Cafetería.",https://mut.cl/restaurante/starburcks/,https://www.instagram.com/starbucksathome_cl_/?hl=en; https://www.facebook.com/StarbucksAtHomeCL/,L-S: 10:00 - 20:00 D & F: 10:00 - 19:00,,,Nivel 2,2,,,,Restaurante,"COCINA: Restaurante | RESTAURANTE: Starburcks | ¿Qué es Starbucks?..En Starbucks están comprometidos con la conexión con las personas. Se aseguran de que todo lo que hacen respete esa conexión, desde el compromiso con el café de la mejor calidad hasta la forma en que se relacionan con sus clientes y comunidades para hacer negocios de manera responsable..Te podría interesar.Descubre nuevos sabores y una variada oferta gastronómica en MUT..0Cafetería. | UBICACION: Nivel 2 - Nivel 2 | HORARIO: L-S: 10:00 - 20:00 D & F: 10:00 - 19:00",restaurante,gastronomia
Freddo,"¿Qué es Freddo?..Freddo es una heladería que tiene más de 50 años de historia, que nace en argentina y sus helados se destacan por la tradición italiana y pasión por la calidad. Todos sus helados usan leche fresca, frutas de primera selección y el mejor dulce leche artesanal..Te podría interesar.Descubre nuevos sabores y una variada oferta gastronómica en MUT..0Heladería.",https://mut.cl/restaurante/freddo/,https://www.instagram.com/freddo_chile/; https://www.facebook.com/FreddoChile,L-S: 10:00 - 20:00 D & F: 10:00 - 19:00,,,Nivel -3,-3,,,,Restaurante,"COCINA: Restaurante | RESTAURANTE: Freddo | ¿Qué es Freddo?..Freddo es una heladería que tiene más de 50 años de historia, que nace en argentina y sus helados se destacan por la tradición italiana y pasión por la calidad. Todos sus helados usan leche fresca, frutas de primera selección y el mejor dulce leche artesanal..Te podría interesar.Descubre nuevos sabores y una variada oferta gastronómica en MUT..0Heladería. | UBICACION: Nivel -3 - Nivel -3 | HORARIO: L-S: 10:00 - 20:00 D & F: 10:00 - 19:00",restaurante,gastronomia
Yasai,"¿Qué es Yasai?..Sushi vegano nikkei. “Yasai&#8221; significa vegetal en japonés, y va completamente ligado con los cambios que buscamos generar en la alimentación y conciencia de nuestra sociedad. Buscan hacer de la cocina vegana algo novedoso y versatil, incorporando nuevas propuestas constantemente..Te podría interesar.Descubre nuevos sabores y una variada oferta gastronómica en MUT..PróximamenteSushi.",https://mut.cl/restaurante/yasai/,https://www.instagram.com/yasaivegansushi/?hl=es-la,L-S: 10:00 - 20:00 D & F: 10:00 - 19:00,,,Nivel -3,-3,,,,Restaurante,"COCINA: Restaurante | RESTAURANTE: Yasai | ¿Qué es Yasai?..Sushi vegano nikkei. “Yasai&#8221; significa vegetal en japonés, y va completamente ligado con los cambios que buscamos generar en la alimentación y conciencia de nuestra sociedad. Buscan hacer de la cocina vegana algo novedoso y versatil, incorporando nuevas propuestas constantemente..Te podría interesar.Descubre nuevos sabores y una variada oferta gastronómica en MUT..PróximamenteSushi. | UBICACION: Nivel -3 - Nivel -3 | HORARIO: L-S: 10:00 - 20:00 D & F: 10:00 - 19:00",restaurante,gastronomia
Antigua Fuente,¿Qué es Antigua Fuente?..Fuente de soda donde podrás encontrar más de 50 años de sabor en sandwich. Antigua Fuente trabaja día a día por mantener el patrimonio gastronómico de Santiago y la tradición familiar..Te podría interesar.Descubre nuevos sabores y una variada oferta gastronómica en MUT..0Sandwiches.,https://mut.cl/restaurante/antigua-fuente/,https://www.instagram.com/antiguafuente/?hl=es; https://www.facebook.com/MonumentoGastonomico/,L-S: 10:00 - 20:00 D & F: 10:00 - 19:00,,,Nivel -3,-3,,,,Restaurante,COCINA: Restaurante | RESTAURANTE: Antigua Fuente | ¿Qué es Antigua Fuente?..Fuente de soda donde podrás encontrar más de 50 años de sabor en sandwich. Antigua Fuente trabaja día a día por mantener el patrimonio gastronómico de Santiago y la tradición familiar..Te podría interesar.Descubre nuevos sabores y una variada oferta gastronómica en MUT..0Sandwiches. | UBICACION: Nivel -3 - Nivel -3 | HORARIO: L-S: 10:00 - 20:00 D & F: 10:00 - 19:00,restaurante,gastronomia
Pizzario,"¿Qué es Pizzario?..Pizzario nace con el sueño de reinventar la forma de hacer y comer pizza en Chile. La pizza al taglio, o pizza al corte, tiene raíces romanas y características que la hacen única. Se cocina en bandejas grandes y rectangulares, se cubre con toppings abundantes y ¡se corta con tijeras!.Te podría interesar.Descubre nuevos sabores y una variada oferta gastronómica en MUT..0Pizza.",https://mut.cl/restaurante/pizzario/,https://www.instagram.com/pizzariochile/; https://www.facebook.com/pizzariochile/,L-S: 10:00 - 20:00 D & F: 10:00 - 19:00,,,Nivel -3,-3,,,,Restaurante,"COCINA: Restaurante | RESTAURANTE: Pizzario | ¿Qué es Pizzario?..Pizzario nace con el sueño de reinventar la forma de hacer y comer pizza en Chile. La pizza al taglio, o pizza al corte, tiene raíces romanas y características que la hacen única. Se cocina en bandejas grandes y rectangulares, se cubre con toppings abundantes y ¡se corta con tijeras!.Te podría interesar.Descubre nuevos sabores y una variada oferta gastronómica en MUT..0Pizza. | UBICACION: Nivel -3 - Nivel -3 | HORARIO: L-S: 10:00 - 20:00 D & F: 10:00 - 19:00",restaurante,gastronomia
Mit Burger,"¿Qué es Mit Burger?..Smash Burgers caseras, que hasta el día de hoy trabajan de forma casera moliéndola todos los días. ¡Hamburguesas frescas y de calidad! .Te podría interesar.Descubre nuevos sabores y una variada oferta gastronómica en MUT..0Hamburguesas.",https://mut.cl/restaurante/mit-burger/,https://www.instagram.com/mitburger/?hl=es; https://www.facebook.com/p/mitburger-100064597904953/,L-S: 10:00 - 20:00 D & F: 10:00 - 19:00,,,Nivel -3,-3,,,,Restaurante,"COCINA: Restaurante | RESTAURANTE: Mit Burger | ¿Qué es Mit Burger?..Smash Burgers caseras, que hasta el día de hoy trabajan de forma casera moliéndola todos los días. ¡Hamburguesas frescas y de calidad! .Te podría interesar.Descubre nuevos sabores y una variada oferta gastronómica en MUT..0Hamburguesas. | UBICACION: Nivel -3 - Nivel -3 | HORARIO: L-S: 10:00 - 20:00 D & F: 10:00 - 19:00",restaurante,gastronomia
Emporio Schwencke,Restaurante.Schwencke..¿Qué es Schwencke?..Auténtico sabor del sur. Fabrican embutidos y carnes con recetas tradicionales alemanas desde 1950..Te podría interesar.Descubre nuevos sabores y una variada oferta gastronómica en MUT..0Sandwiches.,https://mut.cl/restaurante/schwencke/,https://www.instagram.com/cecinasschwencke/; https://www.facebook.com/Cecinas.Schwencke.Valdivia/?locale=es_LA,,,,Nivel -2,-2,,,,Restaurante,COCINA: Restaurante | RESTAURANTE: Emporio Schwencke | Restaurante.Schwencke..¿Qué es Schwencke?..Auténtico sabor del sur. Fabrican embutidos y carnes con recetas tradicionales alemanas desde 1950..Te podría interesar.Descubre nuevos sabores y una variada oferta gastronómica en MUT..0Sandwiches. | UBICACION: Nivel -2 - Nivel -2,restaurante,gastronomia
Embarcadero 41,"¿Qué es Embarcadero 41?..Lo mejor de la comida peruana, con sus sabores auténticos, productos frescos y de calidad..Te podría interesar.Descubre nuevos sabores y una variada oferta gastronómica en MUT..0Restaurante.",https://mut.cl/restaurante/embarcadero-41/,https://www.instagram.com/embarcadero41_chile/; https://www.facebook.com/profile.php?id=61557191317356,L-Mier: 12:00 - 21:30; J-S: 12:00 - 23:30; D: 12:00 a 20:00,,,Nivel -2,-2,,,,Restaurante,"COCINA: Restaurante | RESTAURANTE: Embarcadero 41 | ¿Qué es Embarcadero 41?..Lo mejor de la comida peruana, con sus sabores auténticos, productos frescos y de calidad..Te podría interesar.Descubre nuevos sabores y una variada oferta gastronómica en MUT..0Restaurante. | UBICACION: Nivel -2 - Nivel -2 | HORARIO: L-Mier: 12:00 - 21:30; J-S: 12:00 - 23:30; D: 12:00 a 20:00",restaurante,gastronomia
Chicken International,Restaurante.Chicken International..¿Qué es Chicken International?..Chicken International es un #ReChickenLovers que busca entregar cultura y experiencias únicas a través de los diferentes sabores y preparaciones de cocinas al rededor de todo el muno en torno al pollo..Te podría interesar.Descubre nuevos sabores y una variada oferta gastronómica en MUT..0Restaurante.,https://mut.cl/restaurante/chiken-international/,https://www.instagram.com/chicken.international/; https://www.facebook.com/chickeninternational/?locale=es_LA,L-S: 10:00 - 20:00 D & F: 10:00 - 19:00,,,Nivel -2,-2,,,,Restaurante,COCINA: Restaurante | RESTAURANTE: Chicken International | Restaurante.Chicken International..¿Qué es Chicken International?..Chicken International es un #ReChickenLovers que busca entregar cultura y experiencias únicas a través de los diferentes sabores y preparaciones de cocinas al rededor de todo el muno en torno al pollo..Te podría interesar.Descubre nuevos sabores y una variada oferta gastronómica en MUT..0Restaurante. | UBICACION: Nivel -2 - Nivel -2 | HORARIO: L-S: 10:00 - 20:00 D & F: 10:00 - 19:00,restaurante,gastronomia
Arigato,"Restaurante.Arigato..¿Qué es Arigato?..Arigato es una experiencia única dónde la frescura japonesa se fusiona con la creatividad y el sabor peruano. ¡Una combinación de sazón, chispeza y color!.Te podría interesar.Descubre nuevos sabores y una variada oferta gastronómica en MUT..0Cocinería.Japonesa.",https://mut.cl/restaurante/arigato/,https://www.instagram.com/arigato_chile/,L-S: 10:00 - 20:00 D & F: 10:00 - 19:00,,,Nivel -2,-2,,,,Restaurante,"COCINA: Restaurante | RESTAURANTE: Arigato | Restaurante.Arigato..¿Qué es Arigato?..Arigato es una experiencia única dónde la frescura japonesa se fusiona con la creatividad y el sabor peruano. ¡Una combinación de sazón, chispeza y color!.Te podría interesar.Descubre nuevos sabores y una variada oferta gastronómica en MUT..0Cocinería.Japonesa. | UBICACION: Nivel -2 - Nivel -2 | HORARIO: L-S: 10:00 - 20:00 D & F: 10:00 - 19:00",restaurante,gastronomia
Savoia,"¿Qué es Savoia?..Savoia es una pizzería inspirada en la reina Margherita y en la emblemática pizza napoletana que lleva su nombre. Con raíces italianas familiares bien arraigadas, reflejamos esa identidad con pizzas hechas con ingredientes italianos y chilenos de calidad. Una experiencia auténtica, simple y deliciosa, honrando la historia, la cultura y el sabor mediterráneo..Te podría interesar..#ffffff.0Pizza.",https://mut.cl/restaurante/savoia/,https://www.instagram.com/savoia.cl/,L-S: 10:00 - 21:00,www.savoia.cl,http://www.savoia.cl,Nivel -2,,,,,Restaurante,"COCINA: Restaurante | RESTAURANTE: Savoia | ¿Qué es Savoia?..Savoia es una pizzería inspirada en la reina Margherita y en la emblemática pizza napoletana que lleva su nombre. Con raíces italianas familiares bien arraigadas, reflejamos esa identidad con pizzas hechas con ingredientes italianos y chilenos de calidad. Una experiencia auténtica, simple y deliciosa, honrando la historia, la cultura y el sabor mediterráneo..Te podría interesar..#ffffff.0Pizza. | UBICACION: Nivel -2 | HORARIO: L-S: 10:00 - 21:00 | CONTACTO: Web: www.savoia.cl",restaurante,gastronomia
Cháwu,"¿Qué es Cháwu?..Es una barra de té chino, con diferentes variedades de té como el té verde, rojo, y el popular matcha. Todas son traídas desde China, y además, están en diferentes formatos como Cheese Tea, Bubble Tea y Smoothie..Te podría interesar..#ffffff.0Té.",https://mut.cl/restaurante/chawu/,https://www.instagram.com/chawu.chile/?ref=6OzK6nc4&hl=am-et,L-S: 10:00 - 20:00 D & F: 10:00 - 19:00,,,Nivel -2,,,,,Restaurante,"COCINA: Restaurante | RESTAURANTE: Cháwu | ¿Qué es Cháwu?..Es una barra de té chino, con diferentes variedades de té como el té verde, rojo, y el popular matcha. Todas son traídas desde China, y además, están en diferentes formatos como Cheese Tea, Bubble Tea y Smoothie..Te podría interesar..#ffffff.0Té. | UBICACION: Nivel -2 | HORARIO: L-S: 10:00 - 20:00 D & F: 10:00 - 19:00",restaurante,gastronomia
Pan León,"¿Qué es Pan León?..Todos sus panes son creados con la tradición de la panadería artesanal Chilena, utilizando la mejores harinas y complementos, lo que hace que su marraqueta sea una de las mejores de Santiago. Buscan mantener la tradición de la bollería clásica, así como las nuevas tendencias que han ido llegando a Chile, lo que se complementa con pasteles y tortas..Te podría interesar..#ffffff.0Panadería.",https://mut.cl/restaurante/pan-leon/,https://es-la.facebook.com/panleonchile/; https://www.instagram.com/panaderia_leon/?hl=es,L-S: 7:30 - 20:00 D & F: 10:00 - 19:00,,,Nivel -2,-2,2053,,,Restaurante,"COCINA: Restaurante | RESTAURANTE: Pan León | ¿Qué es Pan León?..Todos sus panes son creados con la tradición de la panadería artesanal Chilena, utilizando la mejores harinas y complementos, lo que hace que su marraqueta sea una de las mejores de Santiago. Buscan mantener la tradición de la bollería clásica, así como las nuevas tendencias que han ido llegando a Chile, lo que se complementa con pasteles y tortas..Te podría interesar..#ffffff.0Panadería. | UBICACION: Nivel -2 - Nivel -2 - Local 2053 | HORARIO: L-S: 7:30 - 20:00 D & F: 10:00 - 19:00",restaurante,gastronomia
Jo Pastelería,"¿Qué es Jo Pastelería?..Jo Pastelería es una pastelería gourmet que ofrece diferentes opciones de preparaciones dulces, para todo tipo de antojos y para que disfrutes caer en la tentación..Te podría interesar..#ffffff.0&#8230;Repostería.",https://mut.cl/restaurante/pasteleria-jo/,https://www.instagram.com/jo.pasteleria/,L-S: 10:00 - 20:00 D & F: 10:00 - 19:00,,,Nivel -3,,,,,Restaurante,"COCINA: Restaurante | RESTAURANTE: Jo Pastelería | ¿Qué es Jo Pastelería?..Jo Pastelería es una pastelería gourmet que ofrece diferentes opciones de preparaciones dulces, para todo tipo de antojos y para que disfrutes caer en la tentación..Te podría interesar..#ffffff.0&#8230;Repostería. | UBICACION: Nivel -3 | HORARIO: L-S: 10:00 - 20:00 D & F: 10:00 - 19:00",restaurante,gastronomia
Hojas de Cami,"¿Qué es Hojas de Cami?..Hojas de Cami es un proyecto familiar que ofrece productos sencillos, auténticos y deliciosos que nos conectan con algo muy poderoso: compartir cariño con quienes mas queremos, porque la vida es más vida cuando nos encontramos..Te podría interesar..#ffffff.0Repostería.",https://mut.cl/restaurante/hojas-de-cami-2/,https://www.facebook.com/hojasdecami.cl; https://www.instagram.com/hojasdecami.cl/,L-S: 10:00 - 20:00 D & F: 10:00 - 19:00,,,Nivel -2,-2,2053,,,Restaurante,"COCINA: Restaurante | RESTAURANTE: Hojas de Cami | ¿Qué es Hojas de Cami?..Hojas de Cami es un proyecto familiar que ofrece productos sencillos, auténticos y deliciosos que nos conectan con algo muy poderoso: compartir cariño con quienes mas queremos, porque la vida es más vida cuando nos encontramos..Te podría interesar..#ffffff.0Repostería. | UBICACION: Nivel -2 - Nivel -2 - Local 2053 | HORARIO: L-S: 10:00 - 20:00 D & F: 10:00 - 19:00",restaurante,gastronomia
Entrelagos,"¿Qué es Chocolatería Entrelagos?..Con más de cien artesanos, quienes, día a día se inspiran entorno al Santuario de la Naturaleza de la ciudad de Valdivia, elaboran con amor sus chocolates y mazapanes de origen para la familia chilena..Te podría interesar..#ffffff.0Chocolates.",https://mut.cl/restaurante/entrelagos/,https://www.facebook.com/entrelagoschocolateria/; https://www.instagram.com/entrelagos_chocolateria/?hl=es,L-D: 10:00 - 20:00,,,Nivel -2,,,,,Restaurante,"COCINA: Restaurante | RESTAURANTE: Entrelagos | ¿Qué es Chocolatería Entrelagos?..Con más de cien artesanos, quienes, día a día se inspiran entorno al Santuario de la Naturaleza de la ciudad de Valdivia, elaboran con amor sus chocolates y mazapanes de origen para la familia chilena..Te podría interesar..#ffffff.0Chocolates. | UBICACION: Nivel -2 | HORARIO: L-D: 10:00 - 20:00",restaurante,gastronomia
Juan Valdez,¿Qué es Juan Valdes Café?..Son una empresa de origen colombiano. Comparten su conocimiento del café premium desde el origen hasta la taza perfecta..Te podría interesar..#ffffff.0Cafetería.,https://mut.cl/restaurante/juan-valdez/,https://www.facebook.com/JuanValdezCafeChile/?locale=es_LA; https://www.instagram.com/juanvaldezcafechile/?hl=es,L-V: 7:30 - 20:00 S-D& F: 8:30 - 20:00,,,Nivel -3,,,,,Restaurante,COCINA: Restaurante | RESTAURANTE: Juan Valdez | ¿Qué es Juan Valdes Café?..Son una empresa de origen colombiano. Comparten su conocimiento del café premium desde el origen hasta la taza perfecta..Te podría interesar..#ffffff.0Cafetería. | UBICACION: Nivel -3 | HORARIO: L-V: 7:30 - 20:00 S-D& F: 8:30 - 20:00,restaurante,gastronomia
Barra Fundición,"¿Qué es Barra Fundición?..Barra Fundición es un café de especialidad con una cuidada selección de productos artesanales. Descubre una fusión única de sabores en un ambiente acogedor donde el café se une a quesos, charcutería y más, para una experiencia culinaria local e inigualable..Te podría interesar..#ffffff.0Cafetería.",https://mut.cl/restaurante/barra-fundicion/,https://www.facebook.com/barra.fundicion.1/; https://www.instagram.com/barra.fundicion/,L-S: 10:00 - 20:00 D & F: 10:00 - 19:00,,,Nivel 1,,,,,Restaurante,"COCINA: Restaurante | RESTAURANTE: Barra Fundición | ¿Qué es Barra Fundición?..Barra Fundición es un café de especialidad con una cuidada selección de productos artesanales. Descubre una fusión única de sabores en un ambiente acogedor donde el café se une a quesos, charcutería y más, para una experiencia culinaria local e inigualable..Te podría interesar..#ffffff.0Cafetería. | UBICACION: Nivel 1 | HORARIO: L-S: 10:00 - 20:00 D & F: 10:00 - 19:00",restaurante,gastronomia
Juguería Peruana,"Restaurante.Juguería Peruana..¿Qué es Juguería Peruana? ..Las juguerías son típicas de los mercados en cada pueblo en Perú, que recoge las tradiciones de sabor y colores. Sus ingredientes, aparte de las frutas frescas características del jugo, se combinan con maca, miel de algarrobina, cerveza negra, betarraga, entre otros..Te podría interesar.Descubre nuevos sabores y una variada oferta gastronómica en MUT..0Bebestibles.",https://mut.cl/restaurante/jugueria-peruana/,https://www.instagram.com/jugueria_peruana/,L-S: 10:00 - 20:00 D & F: 10:00 - 19:00,,,Nivel -2,-2,2064,,,Restaurante,"COCINA: Restaurante | RESTAURANTE: Juguería Peruana | Restaurante.Juguería Peruana..¿Qué es Juguería Peruana? ..Las juguerías son típicas de los mercados en cada pueblo en Perú, que recoge las tradiciones de sabor y colores. Sus ingredientes, aparte de las frutas frescas características del jugo, se combinan con maca, miel de algarrobina, cerveza negra, betarraga, entre otros..Te podría interesar.Descubre nuevos sabores y una variada oferta gastronómica en MUT..0Bebestibles. | UBICACION: Nivel -2 - Nivel -2 - Local 2064 | HORARIO: L-S: 10:00 - 20:00 D & F: 10:00 - 19:00",restaurante,gastronomia
Café Pascucci,"¿Qué es Café Pascucci?..Pascucci es una comunidad global unida por el amor al café. Van más allá del espresso, desafiando las normas comerciales para promover una cultura de calidad y conexión en cada taza. Desde los agricultores hasta los baristas, su enfoque rebelde busca un café excepcional y una experiencia sensorial compartida en todo el mundo..Te podría interesar..#ffffff.0Cafetería.",https://mut.cl/restaurante/cafe-pascucci-2/,https://www.instagram.com/pascucci.cl/?hl=es,L-S: 10:00 - 20:00 D & F: 10:00 - 19:00,,,Nivel 1,,,,,Restaurante,"COCINA: Restaurante | RESTAURANTE: Café Pascucci | ¿Qué es Café Pascucci?..Pascucci es una comunidad global unida por el amor al café. Van más allá del espresso, desafiando las normas comerciales para promover una cultura de calidad y conexión en cada taza. Desde los agricultores hasta los baristas, su enfoque rebelde busca un café excepcional y una experiencia sensorial compartida en todo el mundo..Te podría interesar..#ffffff.0Cafetería. | UBICACION: Nivel 1 | HORARIO: L-S: 10:00 - 20:00 D & F: 10:00 - 19:00",restaurante,gastronomia
Mercoop,"Restaurante.Mercoop..¿Qué es Mercoop?..Mercoop es un espacio especial para las cooperativas agrarias, un lugar donde exhiben y comercializan sus productos. Desde lo artesanal hasta lo orgánico, este lugar reúne una amplia gama de productos provenientes de diversos agricultores a lo largo de Chile. Es una oportunidad única para descubrir y apoyar la diversidad y calidad de los productos agrícolas del país..Te podría interesar..#ffffff.0Abarrotes.Chilena.Cocinería.Fiambres.Panadería.",https://mut.cl/restaurante/mercoop-unaf/,https://www.instagram.com/mercoop_unaf/,L-S: 10:00 - 20:00 D & F: 10:00 - 19:00,,,Nivel -2,,,,,Restaurante,"COCINA: Restaurante | RESTAURANTE: Mercoop | Restaurante.Mercoop..¿Qué es Mercoop?..Mercoop es un espacio especial para las cooperativas agrarias, un lugar donde exhiben y comercializan sus productos. Desde lo artesanal hasta lo orgánico, este lugar reúne una amplia gama de productos provenientes de diversos agricultores a lo largo de Chile. Es una oportunidad única para descubrir y apoyar la diversidad y calidad de los productos agrícolas del país..Te podría interesar..#ffffff.0Abarrotes.Chilena.Cocinería.Fiambres.Panadería. | UBICACION: Nivel -2 | HORARIO: L-S: 10:00 - 20:00 D & F: 10:00 - 19:00",restaurante,gastronomia
Kantu Food,"Próximamente..Kantu Food..¿Qué es Kantu Food?..en Kantu Food es una cocina asiática, donde podrás probar los platos típicos de las calles de Vietnam y Tailandia, como la sopa pho o el clásico pad thai.Cocinería.",https://mut.cl/restaurante/kantu/,https://www.facebook.com/KantuFood/; https://www.instagram.com/kantufood/?hl=es-la,L-S: 10:00 - 20:00 D & F: 10:00 - 19:00,,,Piso -2,-2,,,,Restaurante,"COCINA: Restaurante | RESTAURANTE: Kantu Food | Próximamente..Kantu Food..¿Qué es Kantu Food?..en Kantu Food es una cocina asiática, donde podrás probar los platos típicos de las calles de Vietnam y Tailandia, como la sopa pho o el clásico pad thai.Cocinería. | UBICACION: Piso -2 - Nivel -2 | HORARIO: L-S: 10:00 - 20:00 D & F: 10:00 - 19:00",restaurante,gastronomia
El Valenciano,"0&#8230;.¿Qué es El Valenciano?..Lo mejor de la gastronomía española en Chile. Somos mas que un restaurante de comida española, somos una experiencia culinaria que fusiona la tradición española con la pasión chilena por el vino, la cerveza y la buena compañía.Cocinería.",https://mut.cl/restaurante/el-valenciano/,https://www.instagram.com/elvalenciano_latam/,L-D: 10:00 - 20:00,,,Piso -2,-2,,,,Restaurante,"COCINA: Restaurante | RESTAURANTE: El Valenciano | 0&#8230;.¿Qué es El Valenciano?..Lo mejor de la gastronomía española en Chile. Somos mas que un restaurante de comida española, somos una experiencia culinaria que fusiona la tradición española con la pasión chilena por el vino, la cerveza y la buena compañía.Cocinería. | UBICACION: Piso -2 - Nivel -2 | HORARIO: L-D: 10:00 - 20:00",restaurante,gastronomia
La Vermutería,"0&#8230;.¿Qué es La Vermutería?..La única vermutería de Chile, a cargo de Pobre Vermut. Un vermút artesanal Chileno con botánicos endémicos.Bar.",https://mut.cl/restaurante/la-vermuteria/,https://www.instagram.com/pobrevermut.lavermuteria/?hl=es,L-S: 10:00 - 20:00 D & F: 10:00 - 19:00,,,Piso -2,-2,,,,Restaurante,"COCINA: Restaurante | RESTAURANTE: La Vermutería | 0&#8230;.¿Qué es La Vermutería?..La única vermutería de Chile, a cargo de Pobre Vermut. Un vermút artesanal Chileno con botánicos endémicos.Bar. | UBICACION: Piso -2 - Nivel -2 | HORARIO: L-S: 10:00 - 20:00 D & F: 10:00 - 19:00",restaurante,gastronomia
W.O.K,"¿Qué es WOK?..En W.O.K tienen dos grandes pasiones: la buena comida y los viajes. Llegaron hasta el Lejano Oriente para explorar un nuevo mundo de colores y sabores,recetas elaboradas con sabiduría milenaria para satisfacer cuerpo y alma. Aquí podrás encontrar lo mejor del wok en Santiago..Te podría interesar.Descubre nuevos sabores y una variada oferta gastronómica en MUT..0Cocinería.Oriental.",https://mut.cl/restaurante/w-o-k/,https://www.instagram.com/wokchile/; https://www.facebook.com/WokChile/,L-D: 10:00 - 21:00,,,Nivel -2,-2,2001,,,Restaurante,"COCINA: Restaurante | RESTAURANTE: W.O.K | ¿Qué es WOK?..En W.O.K tienen dos grandes pasiones: la buena comida y los viajes. Llegaron hasta el Lejano Oriente para explorar un nuevo mundo de colores y sabores,recetas elaboradas con sabiduría milenaria para satisfacer cuerpo y alma. Aquí podrás encontrar lo mejor del wok en Santiago..Te podría interesar.Descubre nuevos sabores y una variada oferta gastronómica en MUT..0Cocinería.Oriental. | UBICACION: Nivel -2 - Nivel -2 - Local 2001 | HORARIO: L-D: 10:00 - 21:00",restaurante,gastronomia
Sushilab,"¿Qué es Sushilab?..El fundamento de Sushilab se basa en la reinterpretación de la original cocina japonesa, para imprimirle un sello y estilo propio. A partir de una profunda investigación sobre los principales exponentes del sushi, han rescatado el equilibrio natural de los mejores costeros junto con la esencia de los más exclusivos insumos japoneses traídos directamente a su laboratorio..Te podría interesar.Descubre nuevos sabores y una variada oferta gastronómica en MUT..0Cocinería.Sushi.",https://mut.cl/restaurante/sushilab/,https://www.instagram.com/sushilabchile/?hl=es; https://www.facebook.com/sushilabchile/?locale=es_LA,L-D: 10:00 - 20:00,,,Nivel -2,-2,,,,Restaurante,"COCINA: Restaurante | RESTAURANTE: Sushilab | ¿Qué es Sushilab?..El fundamento de Sushilab se basa en la reinterpretación de la original cocina japonesa, para imprimirle un sello y estilo propio. A partir de una profunda investigación sobre los principales exponentes del sushi, han rescatado el equilibrio natural de los mejores costeros junto con la esencia de los más exclusivos insumos japoneses traídos directamente a su laboratorio..Te podría interesar.Descubre nuevos sabores y una variada oferta gastronómica en MUT..0Cocinería.Sushi. | UBICACION: Nivel -2 - Nivel -2 | HORARIO: L-D: 10:00 - 20:00",restaurante,gastronomia
Tierra Cervecera,"¿Qué es Tierra Cervecera?..Tienda especializada en la venta de cervezas artesanales y locales. Buscan encontrar las mejores cervecerías del país, con una gran variedad de estilos e identidades propias. Entregando lo mejor para los amantes de la cerveza, siendo una vitrina para los amantes del sabor, la frescura y la versatilidad que entrega un producto elaborado artesanalmente..Te podría interesar.Descubre nuevos sabores y una variada oferta gastronómica en MUT..0Cervecería.",https://mut.cl/restaurante/tierra-cervecera/,https://instagram.com/tierracerveceracl; https://www.facebook.com/tierracerveceracl,L-S: 10:00 - 20:00 D & F: 10:00 - 19:00,www.tierracervecera.cl,https://www.tierracervecera.cl,Nivel -2,-2,2025,,,Restaurante,"COCINA: Restaurante | RESTAURANTE: Tierra Cervecera | ¿Qué es Tierra Cervecera?..Tienda especializada en la venta de cervezas artesanales y locales. Buscan encontrar las mejores cervecerías del país, con una gran variedad de estilos e identidades propias. Entregando lo mejor para los amantes de la cerveza, siendo una vitrina para los amantes del sabor, la frescura y la versatilidad que entrega un producto elaborado artesanalmente..Te podría interesar.Descubre nuevos sabores y una variada oferta gastronómica en MUT..0Cervecería. | UBICACION: Nivel -2 - Nivel -2 - Local 2025 | HORARIO: L-S: 10:00 - 20:00 D & F: 10:00 - 19:00 | CONTACTO: Web: www.tierracervecera.cl",restaurante,gastronomia
Rienda Suelta,"Restaurante.Rienda Suelta..¿Qué es Rienda Suelta?..Carnicería con productos de primera calidad. Trabajan directamente con productores pequeños que tienen altos estándares en sus procesos, desde la crianza hasta que el producto llega a la tienda. Promueve la relación maestro carnicero &#8211; cliente y la vida de barrio.Te podría interesar.Descubre nuevos sabores y una variada oferta gastronómica en MUT..0Carnicería.",https://mut.cl/restaurante/rienda-suelta/,https://www.instagram.com/rienda_suelta_carniceria/; https://www.facebook.com/riendasueltacarniceria?_rdc=1&_rdr,L-S: 10:00 - 20:00 D & F: 10:00 - 19:00,,,Nivel -2,-2,2020,,,Restaurante,"COCINA: Restaurante | RESTAURANTE: Rienda Suelta | Restaurante.Rienda Suelta..¿Qué es Rienda Suelta?..Carnicería con productos de primera calidad. Trabajan directamente con productores pequeños que tienen altos estándares en sus procesos, desde la crianza hasta que el producto llega a la tienda. Promueve la relación maestro carnicero &#8211; cliente y la vida de barrio.Te podría interesar.Descubre nuevos sabores y una variada oferta gastronómica en MUT..0Carnicería. | UBICACION: Nivel -2 - Nivel -2 - Local 2020 | HORARIO: L-S: 10:00 - 20:00 D & F: 10:00 - 19:00",restaurante,gastronomia
Mirai Food Lab,"¿Qué es Mirai Food Lab?..Laboratorio de fermentación de miso, kimchi, aceites, entre otros; producción artesanal de kombucha y restaurant de ramen. Sus métodos y recetas vienen de experiencias y trabajos en distintos países como Japón, Dinamarca, Australia y Estados Unidos..Te podría interesar.Descubre nuevos sabores y una variada oferta gastronómica en MUT..0Ramen.",https://mut.cl/restaurante/mirai-food-lab/,https://www.instagram.com/miraifoodlab/?hl=es; https://www.tiktok.com/@miraifoodlab,L-D: 12:00 - 20:00,www.miraifoodlab.cl,http://www.miraifoodlab.cl,Nivel -2,-2,2116,,,Restaurante,"COCINA: Restaurante | RESTAURANTE: Mirai Food Lab | ¿Qué es Mirai Food Lab?..Laboratorio de fermentación de miso, kimchi, aceites, entre otros; producción artesanal de kombucha y restaurant de ramen. Sus métodos y recetas vienen de experiencias y trabajos en distintos países como Japón, Dinamarca, Australia y Estados Unidos..Te podría interesar.Descubre nuevos sabores y una variada oferta gastronómica en MUT..0Ramen. | UBICACION: Nivel -2 - Nivel -2 - Local 2116 | HORARIO: L-D: 12:00 - 20:00 | CONTACTO: Web: www.miraifoodlab.cl",restaurante,gastronomia
La Flaca,"¿Qué es La Flaca?..Nuestra casa, tu casa. Pauli, Pancho y Seba dueños de La Flaca invitan a ser parte de su cocina, donde lo primordial es que se pueda disfrutar de todos los colores, aromas y sabores..Te podría interesar.Descubre nuevos sabores y una variada oferta gastronómica en MUT..0Chilena.Cocinería.",https://mut.cl/restaurante/maestranza-franklin/,https://www.instagram.com/laflaca.cl/,L-S: 10:00 - 20:00 D & F: 10:00 - 19:00,,,Nivel -2,-2,2036,56224376668.0,,Restaurante,"COCINA: Restaurante | RESTAURANTE: La Flaca | ¿Qué es La Flaca?..Nuestra casa, tu casa. Pauli, Pancho y Seba dueños de La Flaca invitan a ser parte de su cocina, donde lo primordial es que se pueda disfrutar de todos los colores, aromas y sabores..Te podría interesar.Descubre nuevos sabores y una variada oferta gastronómica en MUT..0Chilena.Cocinería. | UBICACION: Nivel -2 - Nivel -2 - Local 2036 | HORARIO: L-S: 10:00 - 20:00 D & F: 10:00 - 19:00 | CONTACTO: Tel: 56224376668.0",restaurante,gastronomia
Fortuna Heladería,"¿Qué es Fortuna Heladería?..Creamos helados 100% naturales, 100% reales. Usamos solo ingredientes de primera calidad, sin atajos ni artificios. Creamos sabores que sorprenden. Tenemos el açaí más puro y delicioso de Chile. Lo natural, bien hecho, puede ser extraordinario..Te podría interesar.Descubre nuevos sabores y una variada oferta gastronómica en MUT..0Heladería.",https://mut.cl/restaurante/fortuna-heladeria/,https://www.instagram.com/fortuna.heladeria/,L-V: 11:00 - 21:00 S-D: 10:30 - 21:00,,,Nivel -2,-2,206,,,Restaurante,"COCINA: Restaurante | RESTAURANTE: Fortuna Heladería | ¿Qué es Fortuna Heladería?..Creamos helados 100% naturales, 100% reales. Usamos solo ingredientes de primera calidad, sin atajos ni artificios. Creamos sabores que sorprenden. Tenemos el açaí más puro y delicioso de Chile. Lo natural, bien hecho, puede ser extraordinario..Te podría interesar.Descubre nuevos sabores y una variada oferta gastronómica en MUT..0Heladería. | UBICACION: Nivel -2 - Nivel -2 - Local 206 | HORARIO: L-V: 11:00 - 21:00 S-D: 10:30 - 21:00",restaurante,gastronomia
Rapaz by Galpon Italia,"Restaurante.Rapaz.Galpón Italia.¿Quiénes Somos?..Rapaz es un proyecto de Galpón Italia que ofrece coctelería de autor y las mejores hamburguesas, para que puedas venir a disfrutar con tus amigos sus tragos con sabores únicos y platos, sabores y texturas pensadas cada uno de ellos..Te podría interesar.Descubre nuevos sabores y una variada oferta gastronómica en MUT..0Hamburguesas.",https://mut.cl/restaurante/rapaz-by-galpon-italia/,https://www.instagram.com/galponitalia/?hl=es; https://bargalpon.cl/bar-galpon-italia/,L-S: 10:00 - 20:00 D & F: 10:00 - 19:00,www.bargalpon.cl,https://bargalpon.cl,Nivel -2,-2,2009,,,Restaurante,"COCINA: Restaurante | RESTAURANTE: Rapaz by Galpon Italia | Restaurante.Rapaz.Galpón Italia.¿Quiénes Somos?..Rapaz es un proyecto de Galpón Italia que ofrece coctelería de autor y las mejores hamburguesas, para que puedas venir a disfrutar con tus amigos sus tragos con sabores únicos y platos, sabores y texturas pensadas cada uno de ellos..Te podría interesar.Descubre nuevos sabores y una variada oferta gastronómica en MUT..0Hamburguesas. | UBICACION: Nivel -2 - Nivel -2 - Local 2009 | HORARIO: L-S: 10:00 - 20:00 D & F: 10:00 - 19:00 | CONTACTO: Web: www.bargalpon.cl",restaurante,gastronomia
Dulcería Fiol,"¿Qué es Dulcería Fiol?..Confites como gomitas, paletas de chocolate, masticables y helados, entre muchos otros, con sabores únicos, que conectan con nuestro país a través de sus ingredientes, siendo un viaje permanente a la imaginación..Te podría interesar.Descubre nuevos sabores y una variada oferta gastronómica en MUT..0Dulcería.",https://mut.cl/restaurante/dulceria-fiol/,https://www.instagram.com/fiol.dulceria/?hl=es; https://www.facebook.com/Fioldulceria/?locale=es_LA,L-S: 10:00 - 20:00 D & F: 10:00 - 19:00,,,Nivel -2,-2,2068,,,Restaurante,"COCINA: Restaurante | RESTAURANTE: Dulcería Fiol | ¿Qué es Dulcería Fiol?..Confites como gomitas, paletas de chocolate, masticables y helados, entre muchos otros, con sabores únicos, que conectan con nuestro país a través de sus ingredientes, siendo un viaje permanente a la imaginación..Te podría interesar.Descubre nuevos sabores y una variada oferta gastronómica en MUT..0Dulcería. | UBICACION: Nivel -2 - Nivel -2 - Local 2068 | HORARIO: L-S: 10:00 - 20:00 D & F: 10:00 - 19:00",restaurante,gastronomia
Donde Naresh,"¿Qué es Donde Naresh?..Donde Naresh es un restaurante de cocina tradicional del sur de la india. Una experiencia que te transporta a otro continente, donde puedes disfrutar de su menú a la carta, darte un banquete con un Big Thali o su buffet..Te podría interesar.Descubre nuevos sabores y una variada oferta gastronómica en MUT..0Cocinería.Oriental.",https://mut.cl/restaurante/donde-naresh/,https://www.instagram.com/donde_naresh_/?hl=es-la; https://www.facebook.com/dondenaresh/?locale=es_LA,L-S: 10:00 - 20:00 D & F: 10:00 - 19:00,,,Nivel -2,-2,2229,,,Restaurante,"COCINA: Restaurante | RESTAURANTE: Donde Naresh | ¿Qué es Donde Naresh?..Donde Naresh es un restaurante de cocina tradicional del sur de la india. Una experiencia que te transporta a otro continente, donde puedes disfrutar de su menú a la carta, darte un banquete con un Big Thali o su buffet..Te podría interesar.Descubre nuevos sabores y una variada oferta gastronómica en MUT..0Cocinería.Oriental. | UBICACION: Nivel -2 - Nivel -2 - Local 2229 | HORARIO: L-S: 10:00 - 20:00 D & F: 10:00 - 19:00",restaurante,gastronomia
Don César,"Restaurante.Don César..¿Qué es Don César?..Don César es una fuente de soda que tiene 8 tipos de combinaciones de sándwiches XL. Pueden encontrar sándwiches de carne mechada de cerdo, pollo, vacuno, vegetariano, vegano o hamburguesa. Y escoger entre pan marraqueta, frica, hallulla, colisa o al plato. Todos vienen con una tasa de consomé, papas fritas rústicas, ají oro y salsa Don César. .Te podría interesar.Descubre nuevos sabores y una variada oferta gastronómica en MUT..0Cocinería.Sandwiches.",https://mut.cl/restaurante/don-cesar/,https://www.instagram.com/doncesar_fuentedesoda/; https://www.facebook.com/pages/Fuente%20De%20soda%20Don%20Cesar/354574838521384/,L-S: 10:00 - 20:00 D & F: 10:00 - 19:00,,,Nivel -2,-2,2030,,,Restaurante,"COCINA: Restaurante | RESTAURANTE: Don César | Restaurante.Don César..¿Qué es Don César?..Don César es una fuente de soda que tiene 8 tipos de combinaciones de sándwiches XL. Pueden encontrar sándwiches de carne mechada de cerdo, pollo, vacuno, vegetariano, vegano o hamburguesa. Y escoger entre pan marraqueta, frica, hallulla, colisa o al plato. Todos vienen con una tasa de consomé, papas fritas rústicas, ají oro y salsa Don César. .Te podría interesar.Descubre nuevos sabores y una variada oferta gastronómica en MUT..0Cocinería.Sandwiches. | UBICACION: Nivel -2 - Nivel -2 - Local 2030 | HORARIO: L-S: 10:00 - 20:00 D & F: 10:00 - 19:00",restaurante,gastronomia
Emporio Sabores de Chile,"¿Qué es Emporio Sabores de Chile?..Empresa familiar dedicada a buscar y seleccionar los mejores y más sabrosos productos gourmet de todo Chile. Productos que sean elaborados o fabricados por pymes o pequeños y medianos emprendedores gourmet, para reunirlos en un solo lugar en Santiago y también poder enviar a todo Chile. .Te podría interesar.Descubre nuevos sabores y una variada oferta gastronómica en MUT..0Abarrotes.",https://mut.cl/restaurante/emporio-sabores-de-chile/,https://www.instagram.com/emporiosaboresdechile/; https://www.facebook.com/emporiosaboresdechile/,L-S: 10:00 - 20:00 D & F: 10:00 - 19:00,,,Nivel -2,-2,2000-17,,,Restaurante,"COCINA: Restaurante | RESTAURANTE: Emporio Sabores de Chile | ¿Qué es Emporio Sabores de Chile?..Empresa familiar dedicada a buscar y seleccionar los mejores y más sabrosos productos gourmet de todo Chile. Productos que sean elaborados o fabricados por pymes o pequeños y medianos emprendedores gourmet, para reunirlos en un solo lugar en Santiago y también poder enviar a todo Chile. .Te podría interesar.Descubre nuevos sabores y una variada oferta gastronómica en MUT..0Abarrotes. | UBICACION: Nivel -2 - Nivel -2 - Local 2000-17 | HORARIO: L-S: 10:00 - 20:00 D & F: 10:00 - 19:00",restaurante,gastronomia
We Are Four,"¿Qué es We Are Four?..We are four es una cafetería de especialidad, enamorados del café a través de la experiencia del tueste. Buscan entregar conocimientos del mundo del café a un precio justo..Te podría interesar&#8230;0Cafetería.",https://mut.cl/restaurante/we-are-four/,https://www.instagram.com/wr4.cl; https://www.instagram.com/wr4.cl,L-V: 7:00 a 21:00. S: 10:00 a 21:00. D: 10:00 - 20:00.,www.wearefour.cl,https://www.wearefour.cl,Nivel -2,-2,2117 Y 2113,,,Restaurante,"COCINA: Restaurante | RESTAURANTE: We Are Four | ¿Qué es We Are Four?..We are four es una cafetería de especialidad, enamorados del café a través de la experiencia del tueste. Buscan entregar conocimientos del mundo del café a un precio justo..Te podría interesar&#8230;0Cafetería. | UBICACION: Nivel -2 - Nivel -2 - Local 2117 Y 2113 | HORARIO: L-V: 7:00 a 21:00. S: 10:00 a 21:00. D: 10:00 - 20:00. | CONTACTO: Web: www.wearefour.cl",restaurante,gastronomia
The Greek,"¿Qué es The Greek? ..Comida de inspiración griega como pitas y ensaladas frescas, además de café de especialidad, entre muchos otros productos. .Te podría interesar.Descubre nuevos sabores y una variada oferta gastronómica en MUT..PróximamenteCocinería.",https://mut.cl/restaurante/the-greek/,,L-S: 10:00 - 20:00 D & F: 10:00 - 19:00,,,Nivel -2,-2,2080,,,Restaurante,"COCINA: Restaurante | RESTAURANTE: The Greek | ¿Qué es The Greek? ..Comida de inspiración griega como pitas y ensaladas frescas, además de café de especialidad, entre muchos otros productos. .Te podría interesar.Descubre nuevos sabores y una variada oferta gastronómica en MUT..PróximamenteCocinería. | UBICACION: Nivel -2 - Nivel -2 - Local 2080 | HORARIO: L-S: 10:00 - 20:00 D & F: 10:00 - 19:00",restaurante,gastronomia
Mundo Mate,"¿Qué es Mundo Mate?..Tiendas de selección de las mejores yerbas mate argentinas, paraguayas, uruguayas y brasileras. Además, encontrarás todos sus accesorios como mates, yerberos, bolsos, termos y bombillas, entre otros. .Te podría interesar.Descubre nuevos sabores y una variada oferta gastronómica en MUT..0Abarrotes.",https://mut.cl/restaurante/mundo-mate/,https://www.instagram.com/mundomate.cl/?hl=es,L-S: 10:00 - 20:00 D & F: 10:00 - 19:00,www.mundomate.cl,https://www.mundomate.cl/,Nivel -2,-2,2000-20,,,Restaurante,"COCINA: Restaurante | RESTAURANTE: Mundo Mate | ¿Qué es Mundo Mate?..Tiendas de selección de las mejores yerbas mate argentinas, paraguayas, uruguayas y brasileras. Además, encontrarás todos sus accesorios como mates, yerberos, bolsos, termos y bombillas, entre otros. .Te podría interesar.Descubre nuevos sabores y una variada oferta gastronómica en MUT..0Abarrotes. | UBICACION: Nivel -2 - Nivel -2 - Local 2000-20 | HORARIO: L-S: 10:00 - 20:00 D & F: 10:00 - 19:00 | CONTACTO: Web: www.mundomate.cl",restaurante,gastronomia
Café Aura,"Te podría interesar.Descubre nuevos sabores y una variada oferta gastronómica en MUT..¿Qué es Café Aura?..Un café para descansar. La marca trasciende la cafeína para llegar a una contemplación atenta y presente. Enfatizados en las cualidades pacíficas y místicas del concepto Aura, complementado con una pizca de la devoción de la cultura popular argentina..0Cafetería.",https://mut.cl/restaurante/cafe-aura/,,L-D: 10:00 - 20:00,,,Nivel -1,-3,1060,,,Restaurante,"COCINA: Restaurante | RESTAURANTE: Café Aura | Te podría interesar.Descubre nuevos sabores y una variada oferta gastronómica en MUT..¿Qué es Café Aura?..Un café para descansar. La marca trasciende la cafeína para llegar a una contemplación atenta y presente. Enfatizados en las cualidades pacíficas y místicas del concepto Aura, complementado con una pizca de la devoción de la cultura popular argentina..0Cafetería. | UBICACION: Nivel -1 - Nivel -3 - Local 1060 | HORARIO: L-D: 10:00 - 20:00",restaurante,gastronomia
Tonny Pizzería,"Te podría interesar.Descubre nuevos sabores y una variada oferta gastronómica en MUT..¿Qué es Tonny Pizzería?..“El que come la pizza de Tonny, vive 100 años”. Pizza y pasta fresca que promete traer el sabor de Italia a MUT..0Cocinería.Pizza.",https://mut.cl/restaurante/tonny-pizzeria/,https://www.instagram.com/tonny.pizzeria/; https://www.facebook.com/tonnypizzerianapolitana,L-S: 10:00 - 20:00 D & F: 10:00 - 19:00,www.tonnypizzeria.cl,https://www.tonnypizzeria.cl/,Nivel -2,-2,2045,,,Restaurante,"COCINA: Restaurante | RESTAURANTE: Tonny Pizzería | Te podría interesar.Descubre nuevos sabores y una variada oferta gastronómica en MUT..¿Qué es Tonny Pizzería?..“El que come la pizza de Tonny, vive 100 años”. Pizza y pasta fresca que promete traer el sabor de Italia a MUT..0Cocinería.Pizza. | UBICACION: Nivel -2 - Nivel -2 - Local 2045 | HORARIO: L-S: 10:00 - 20:00 D & F: 10:00 - 19:00 | CONTACTO: Web: www.tonnypizzeria.cl",restaurante,gastronomia
Pellín Frutos Secos,"Te podría interesar.Descubre nuevos sabores y una variada oferta gastronómica en MUT..¿Quiénes somos?..Es un negocio que comercializa y distribuye una gran variedad de alimentos como frutos secos, productos naturales y deshidratados de alta calidad..0Abarrotes.",https://mut.cl/restaurante/pellin-frutos-secos/,,L-S: 10:00 - 20:00 D & F: 10:00 - 19:00,,,Nivel -2,-2,2000-6,,,Restaurante,"COCINA: Restaurante | RESTAURANTE: Pellín Frutos Secos | Te podría interesar.Descubre nuevos sabores y una variada oferta gastronómica en MUT..¿Quiénes somos?..Es un negocio que comercializa y distribuye una gran variedad de alimentos como frutos secos, productos naturales y deshidratados de alta calidad..0Abarrotes. | UBICACION: Nivel -2 - Nivel -2 - Local 2000-6 | HORARIO: L-S: 10:00 - 20:00 D & F: 10:00 - 19:00",restaurante,gastronomia
Pehuén Mote con Huesillo,"Te podría interesar.Descubre nuevos sabores y una variada oferta gastronómica en MUT..¿Qué es Pehuén?..Un clásico chileno. Empresa familiar, con más de 60 años de experiencia en la preparación y venta del tradicional Mote con Huesillos, que durante décadas ha acompañado a las familias chilenas en las calles, parques, cerros y fiestas tradicionales..0Abarrotes.",https://mut.cl/restaurante/pehuen-mote-con-huesillo/,,L-S: 10:00 - 20:00 D & F: 10:00 - 19:00,www.productospehuen.cl,https://www.productospehuen.cl/,Nivel -2,-2,2000-7,,,Restaurante,"COCINA: Restaurante | RESTAURANTE: Pehuén Mote con Huesillo | Te podría interesar.Descubre nuevos sabores y una variada oferta gastronómica en MUT..¿Qué es Pehuén?..Un clásico chileno. Empresa familiar, con más de 60 años de experiencia en la preparación y venta del tradicional Mote con Huesillos, que durante décadas ha acompañado a las familias chilenas en las calles, parques, cerros y fiestas tradicionales..0Abarrotes. | UBICACION: Nivel -2 - Nivel -2 - Local 2000-7 | HORARIO: L-S: 10:00 - 20:00 D & F: 10:00 - 19:00 | CONTACTO: Web: www.productospehuen.cl",restaurante,gastronomia
La Fiambrería,"Te podría interesar.Descubre nuevos sabores y una variada oferta gastronómica en MUT..¿Qué es La Fiambrería?..Especializados en la elaboración de charcutería única, llega desde el barrio Franklin una variada selección del chef Marcos Somana, que incluye pastrami, jamón cocido y gran variedad de quesos, entre muchos otros..0Cocinería.Fiambres.",https://mut.cl/restaurante/la-fiambreria/,https://www.instagram.com/lafiambreriacl/?hl=es; https://www.facebook.com/lafiambreriachile/,L-S: 10:00 - 20:00 D & F: 10:00 - 19:00,,,Nivel -2,-2,2029,,,Restaurante,"COCINA: Restaurante | RESTAURANTE: La Fiambrería | Te podría interesar.Descubre nuevos sabores y una variada oferta gastronómica en MUT..¿Qué es La Fiambrería?..Especializados en la elaboración de charcutería única, llega desde el barrio Franklin una variada selección del chef Marcos Somana, que incluye pastrami, jamón cocido y gran variedad de quesos, entre muchos otros..0Cocinería.Fiambres. | UBICACION: Nivel -2 - Nivel -2 - Local 2029 | HORARIO: L-S: 10:00 - 20:00 D & F: 10:00 - 19:00",restaurante,gastronomia
Huentelauquen,"Te podría interesar.Descubre nuevos sabores y una variada oferta gastronómica en MUT..0.¿Qué es Huentelauquén?..La parada obligada de todos los viajeros en sus aventuras al norte. La Hacienda Huentelauquén es una tradición chilena con más de 80 años entregando calidad y sabor en sus empanadas, productos de queso mantecoso y papayas.Cocinería.Empanadas.",https://mut.cl/restaurante/huentelauquen/,,L-S: 10:00 - 20:00 D & F: 10:00 - 19:00,www.huentelauquen.cl,https://www.huentelauquen.cl/,Nivel -2,-2,2041,,,Restaurante,"COCINA: Restaurante | RESTAURANTE: Huentelauquen | Te podría interesar.Descubre nuevos sabores y una variada oferta gastronómica en MUT..0.¿Qué es Huentelauquén?..La parada obligada de todos los viajeros en sus aventuras al norte. La Hacienda Huentelauquén es una tradición chilena con más de 80 años entregando calidad y sabor en sus empanadas, productos de queso mantecoso y papayas.Cocinería.Empanadas. | UBICACION: Nivel -2 - Nivel -2 - Local 2041 | HORARIO: L-S: 10:00 - 20:00 D & F: 10:00 - 19:00 | CONTACTO: Web: www.huentelauquen.cl",restaurante,gastronomia
Oakberry Açaí,"¿Qué es Oakberry Açaí?..En Oakberry Açaí podrás probar los mejores bowls de açai orgánicos, que formarán parte de tu estilo de vida saludable..Te podría interesar.Descubre nuevos sabores y una variada oferta gastronómica en MUT..0Acai.Cocinería.",https://mut.cl/restaurante/oakberryacai/,https://www.instagram.com/oakberrychile/?hl=es-la; https://www.facebook.com/oakberryacai/,L-D: 10:00 - 20:00,,,Nivel -1,,,,,Restaurante,"COCINA: Restaurante | RESTAURANTE: Oakberry Açaí | ¿Qué es Oakberry Açaí?..En Oakberry Açaí podrás probar los mejores bowls de açai orgánicos, que formarán parte de tu estilo de vida saludable..Te podría interesar.Descubre nuevos sabores y una variada oferta gastronómica en MUT..0Acai.Cocinería. | UBICACION: Nivel -1 | HORARIO: L-D: 10:00 - 20:00",restaurante,gastronomia
Dulcentorno,"¿Qué es Dulce Entorno?..Donas de especialidad hechas artesanalmente, con una deliciosa masa brioche, rica en mantequilla y yemas de huevo, con un proceso de larga fermentación que permite que su sabor sea aún más intenso y la masa mucho más suave..Te podría interesar.Descubre nuevos sabores y una variada oferta gastronómica en MUT..0Cocinería.Repostería.",https://mut.cl/restaurante/dulcentorno/,https://www.facebook.com/dulcentorno/?locale=es_LA; https://www.instagram.com/dulcentorno/?hl=es,L-S: 10:00 - 20:00 D & F: 10:00 - 19:00,,,Nivel -2,-2,2000-15,,,Restaurante,"COCINA: Restaurante | RESTAURANTE: Dulcentorno | ¿Qué es Dulce Entorno?..Donas de especialidad hechas artesanalmente, con una deliciosa masa brioche, rica en mantequilla y yemas de huevo, con un proceso de larga fermentación que permite que su sabor sea aún más intenso y la masa mucho más suave..Te podría interesar.Descubre nuevos sabores y una variada oferta gastronómica en MUT..0Cocinería.Repostería. | UBICACION: Nivel -2 - Nivel -2 - Local 2000-15 | HORARIO: L-S: 10:00 - 20:00 D & F: 10:00 - 19:00",restaurante,gastronomia
Cookielab,"¿Qué es Cookie Lab?..El paraíso de las galletas rellenas. Cookielab está formado por especialistas en la preparación de galletas, café y buenas vibras..Te podría interesar.Descubre nuevos sabores y una variada oferta gastronómica en MUT..0Repostería.",https://mut.cl/restaurante/cookielab/,https://www.instagram.com/cookielab_cl/; https://www.facebook.com/cookielab_cl-114276880356057,L-S: 10:00 - 20:00 D & F: 10:00 - 19:00,www.cookielab.cl,https://www.cookielab.cl/,Nivel -2,-2,2173,,,Restaurante,"COCINA: Restaurante | RESTAURANTE: Cookielab | ¿Qué es Cookie Lab?..El paraíso de las galletas rellenas. Cookielab está formado por especialistas en la preparación de galletas, café y buenas vibras..Te podría interesar.Descubre nuevos sabores y una variada oferta gastronómica en MUT..0Repostería. | UBICACION: Nivel -2 - Nivel -2 - Local 2173 | HORARIO: L-S: 10:00 - 20:00 D & F: 10:00 - 19:00 | CONTACTO: Web: www.cookielab.cl",restaurante,gastronomia
Café Altura,"Restaurante.Café Altura..Quiénes somos..Café en grano recién tostado que garantiza una taza sabrosa y aromática. Es tostado en el punto exacto, para un máximo sabor y que se pueda preparar en cualquier cafetera..Te podría interesar..#ffffff.0Cafetería.",https://mut.cl/restaurante/cafe-altura/,https://www.instagram.com/cafealturachile/; https://www.facebook.com/inversionescafealtura,L-S: 10:00 - 20:00 D & F: 10:00 - 19:00,www.cafealtura.cl,https://www.cafealtura.cl,Nivel -2,-2,2065,,,Restaurante,"COCINA: Restaurante | RESTAURANTE: Café Altura | Restaurante.Café Altura..Quiénes somos..Café en grano recién tostado que garantiza una taza sabrosa y aromática. Es tostado en el punto exacto, para un máximo sabor y que se pueda preparar en cualquier cafetera..Te podría interesar..#ffffff.0Cafetería. | UBICACION: Nivel -2 - Nivel -2 - Local 2065 | HORARIO: L-S: 10:00 - 20:00 D & F: 10:00 - 19:00 | CONTACTO: Web: www.cafealtura.cl",restaurante,gastronomia
Alma Vegan,"¿Qué es Alma Vegan?..Restaurante que mezcla la cocina callejera del mundo, basados en productos de temporada y proximidad. Se basan en la búsqueda de los productos de mayor nivel encontrando el equilibrio de la tradición y la evolución de nuestra cocina. Como norma y guía llevaremos una comida callejera 100% realizada de forma artesanal y casera a base de una dieta 100% a base de plantas (vegano)..Te podría interesar..#ffffff.0Cocina vegana.",https://mut.cl/restaurante/alma-vegan/,https://www.instagram.com/alma_rest.cl/?igshid=YmMyMTA2M2Y%3D,L-S: 10:00 - 20:00 D & F: 10:00 - 19:00,,,Nivel -2,-2,2053,,,Restaurante,"COCINA: Restaurante | RESTAURANTE: Alma Vegan | ¿Qué es Alma Vegan?..Restaurante que mezcla la cocina callejera del mundo, basados en productos de temporada y proximidad. Se basan en la búsqueda de los productos de mayor nivel encontrando el equilibrio de la tradición y la evolución de nuestra cocina. Como norma y guía llevaremos una comida callejera 100% realizada de forma artesanal y casera a base de una dieta 100% a base de plantas (vegano)..Te podría interesar..#ffffff.0Cocina vegana. | UBICACION: Nivel -2 - Nivel -2 - Local 2053 | HORARIO: L-S: 10:00 - 20:00 D & F: 10:00 - 19:00",restaurante,gastronomia
BOBIBOBI,¿Qué es BOBIBOBI?..Es un deseo de bendiciones y buena salud. Y su compromiso es darte la mejor experiencia del té&#8230;.#ffffff.0Bebestibles.Té.,https://mut.cl/restaurante/bobi-bobi/,https://www.instagram.com/bobibobi_chile/; https://www.facebook.com/bobibobichile.cl/,L-S: 10:00 - 20:00 D & F: 10:00 - 19:00,www.bobibobichile.cl,https://bobibobichile.cl,Nivel -3,-3,,,,Restaurante,COCINA: Restaurante | RESTAURANTE: BOBIBOBI | ¿Qué es BOBIBOBI?..Es un deseo de bendiciones y buena salud. Y su compromiso es darte la mejor experiencia del té&#8230;.#ffffff.0Bebestibles.Té. | UBICACION: Nivel -3 - Nivel -3 | HORARIO: L-S: 10:00 - 20:00 D & F: 10:00 - 19:00 | CONTACTO: Web: www.bobibobichile.cl,restaurante,gastronomia
Meze,"¿Qué es Meze?..Meze es el mejor restaurante turco de América, combina la tradición otomana con preparaciones turcas más modernas. La cultura que en el local no solo se refleja en sus preparaciones, sino también en su estética, que te lleva de viaje a Medio Oriente..0.Te podría interesar.Descubre nuevos sabores y una variada oferta gastronómica en MUT.#ffffffRestaurante.",https://mut.cl/restaurante/meze/,https://www.instagram.com/meze_kitchen_bar/?hl=es; https://www.facebook.com/RESTAURANTEMEZECHILE/?locale=es_LA,L-S: 10:00 - 20:00 D & F: 10:00 - 19:00,,,Nivel -2,,,,,Restaurante,"COCINA: Restaurante | RESTAURANTE: Meze | ¿Qué es Meze?..Meze es el mejor restaurante turco de América, combina la tradición otomana con preparaciones turcas más modernas. La cultura que en el local no solo se refleja en sus preparaciones, sino también en su estética, que te lleva de viaje a Medio Oriente..0.Te podría interesar.Descubre nuevos sabores y una variada oferta gastronómica en MUT.#ffffffRestaurante. | UBICACION: Nivel -2 | HORARIO: L-S: 10:00 - 20:00 D & F: 10:00 - 19:00",restaurante,gastronomia
