titulo,content,link,rss,horario,web,url_web,lugar,nivel,local,telefono,mail,tipo
Infinity Soul,"¿Qué es Infinity Soul?..Nos enfocamos en entregar bienestar y conexión interior a través de nuestra metodología única de Gimnasia facial, creada desde la base de la kinesiología maxilofacial e integrativa. Nuestro enfoque holístico busca no solo mejorar la apariencia estética de nuestro rostro, sino también promover un estado de equilibrio y armonía en cada persona.  Reduce arrugas, tonifica y mejora la calidad de la piel mientras disfrutas de una experiencia única de bienestar. .Te podría interesar.Descubre que otras tiendas o espacios de MUT podrían ser de tu interés. Visita nuestro mercado y encuentra todo aquello que necesitas..#ffffffBelleza.</p>
",https://mut.cl/tiendas/infinity-soul/,https://www.instagram.com/espacioinfinitysoul,L-D: 10:00 - 20:00,www.infinitysoul.cl,http://www.infinitysoul.cl,Nivel -3,-3,,,,Tienda
More Amor,"Quiénes somos.¿Qué es Adidas?.La tienda más grande de Adidas Originals en Chile. Celebrando la originalidad desde 1972. Remezclando el pasado. Creando el futuro..¿Qué es More Amor?..Existimos por un propósito: promover el arte para así darle el valor que se merece. Detrás de cada diseño, en colaboración con artistas, hay una persona, una mente creativa que, con base en sus distintas experiencias, logra interpretar una idea o concepto que está dentro de su imaginario..Te podría interesar.Descubre que otras tiendas o espacios de MUT podrían ser de tu interés. Visita nuestro mercado y encuentra todo aquello que necesitas..#ffffff.0Ropa.Tienda.Urbano.</p>
",https://mut.cl/tiendas/more-amor/,https://www.instagram.com/moreamorcl/; https://www.tiktok.com/@moreamorcl,L-D: 10:00 - 20:00,www.moreamor.cl,https://moreamor.cl/,Nivel -1 ,-1,,,,Tienda
Disquería Chilena,"Quiénes somos.¿Qué es Adidas?.La tienda más grande de Adidas Originals en Chile. Celebrando la originalidad desde 1972. Remezclando el pasado. Creando el futuro..¿Qué es Disquería Chilena?..Disquería Chilena es la principal tienda de discos y material sobre artistas nacionales, impulsada por SCD y que cuenta con el más grande catálogo de música chilena. El espacio ofrece una completa experiencia a sus visitantes, donde la música se puede escuchar, ver y sentir. Aquí encuentras vinilos, CDs, casetes, libros y merchandising de lo mejor de nuestra música..Te podría interesar.Descubre que otras tiendas o espacios de MUT podrían ser de tu interés. Visita nuestro mercado y encuentra todo aquello que necesitas..#ffffff.0Música.</p>
",https://mut.cl/tiendas/disqueria-chilena/,https://www.instagram.com/disqueria_chilena?igshid=oyiqytiagoph; https://www.facebook.com/disqueriachilena/; https://www.tiktok.com/@disqueria_chilena,L-D: 10:00 - 20:00,www.disqueriachilena.cl,https://disqueriachilena.cl/,Nivel 3,3,23,,,Tienda
Casa de las Infusiones,"¿Qué es Casa de las Infusiones?..Casa de las Infusiones es un refugio para los amantes del té. Reunimos marcas de prestigio internacional como Basilur, Botánica Gourmet y Sensorial, ofreciendo un ambiente elegante y acogedor para vivir la experiencia del té en toda su esencia, aroma y sabor..Te podría interesar.Descubre que otras tiendas o espacios de MUT podrían ser de tu interés. Visita nuestro mercado y encuentra todo aquello que necesitas..Servicios.Tienda.</p>
",https://mut.cl/tiendas/casa-de-las-infusiones/,https://www.instagram.com/casadelasinfusiones.cl/; https://www.facebook.com/profile.php?id=100068120148870,L-D: 10:00 - 20:00 ,,,Nivel -2,-2,,,,Tienda
Lodoro,"Quiénes somos.¿Qué es Adidas?.La tienda más grande de Adidas Originals en Chile. Celebrando la originalidad desde 1972. Remezclando el pasado. Creando el futuro..¿Qué es Lodoro?..LODORO es mucho más que una perfumería. LODORO es un lugar donde podrás vivir momentos olfativos inolvidables y descubrir fragancias únicas que despertarán recuerdos y emociones. Un rincón para aprender, experimentar y vivir una experiencia sensorial que dejará una huella inolvidable. .Te podría interesar.Descubre que otras tiendas o espacios de MUT podrían ser de tu interés. Visita nuestro mercado y encuentra todo aquello que necesitas..#ffffff.0Cosmética.Tienda.</p>
",https://mut.cl/tiendas/lodoro/,https://www.instagram.com/lodoroperfumes.cl/; https://www.facebook.com/lodoro.cl,L-S: 10:00 - 20:00 D & F: 10:00 - 19:00,www.lodoro.cl,https://www.lodoro.cl/,Nivel -3,-3,,,,Tienda
Ucon Acrobatics,"Quiénes somos.¿Qué es Adidas?.La tienda más grande de Adidas Originals en Chile. Celebrando la originalidad desde 1972. Remezclando el pasado. Creando el futuro..¿Qué es Ucon Acrobatics?..UCON ACROBATICS une la pasión por el diseño creativo con un mindset de sustentabilidad. Mochilas y bananos creados en Alemania que trascienden temporadas y modas pasajeras.   “Diseño minimalista, mínimas emisiones”. Este enfoque se basa en la convicción de que nada debería verse perjudicado por un producto de calidad: ni las personas, ni el medio ambiente. MINIMALISMO + CREATIVIDAD + SOSTENIBILIDAD.Te podría interesar.Descubre que otras tiendas o espacios de MUT podrían ser de tu interés. Visita nuestro mercado y encuentra todo aquello que necesitas..#ffffff.0Accesorios.Tienda.</p>
",https://mut.cl/tiendas/ucon-acrobatics/,https://www.instagram.com/upgrade_brands/; https://www.facebook.com/upgradebrands/,L-S: 10:00 - 20:00,Sitio Ucon Acrobatics,https://upgradebrands.cl/pages/ucon-acrobatics,Nivel -1,-1,,,,Tienda
Mimi,"¿Qué es Mimi?..Mimi es un espacio de belleza que fusiona bienestar y estilo. Ofrecemos rituales capilares, coloración, styling, manicure y pedicure en un ambiente acogedor, con productos profesionales y atención personalizada para que te sientas y te veas increíble..Te podría interesar.Descubre que otras tiendas o espacios de MUT podrían ser de tu interés. Visita nuestro mercado y encuentra todo aquello que necesitas..#ffffffBelleza.Peluquería.</p>
",https://mut.cl/tiendas/mimi/,https://www.instagram.com/mimisalon.cl/; https://www.facebook.com/mimisalon.cl,L-D: 10:00 - 20:00,www.mimi.cl,https://mimi.cl/,Nivel -3,-3,,,,Tienda
Socks Lab,"Quiénes somos.¿Qué es Adidas?.La tienda más grande de Adidas Originals en Chile. Celebrando la originalidad desde 1972. Remezclando el pasado. Creando el futuro..¿Qué es Socks Lab?..Desde 2017, Socks Lab se ha consolidado como una marca chilena en constante innovación. Diseña calcetines originales y de alta calidad para expresar tu estilo con actitud. Confeccionados con 80% algodón peinado y sin costuras, sus diseños van desde clásicos como las paltas hasta licencias como 31 Minutos. .Te podría interesar.Descubre que otras tiendas o espacios de MUT podrían ser de tu interés. Visita nuestro mercado y encuentra todo aquello que necesitas..#ffffff.0Accesorios.Tienda.</p>
",https://mut.cl/tiendas/socks-lab/,https://www.instagram.com/socks_lab/; https://www.facebook.com/Sockslabchile,L-S: 10:00 - 20:00,www.sockslab.cl,https://sockslab.cl/,Nivel -1,-1,,,,Tienda
Madison,"Quiénes somos.¿Qué es Adidas?.La tienda más grande de Adidas Originals en Chile. Celebrando la originalidad desde 1972. Remezclando el pasado. Creando el futuro..¿Qué es Madison?..Te invitamos a vivir una experiencia olfativa y visual con nuestra delicada curatoría de fragancias ambientales..Te podría interesar.Descubre que otras tiendas o espacios de MUT podrían ser de tu interés. Visita nuestro mercado y encuentra todo aquello que necesitas..#ffffff.0Accesorios.Tienda.</p>
",https://mut.cl/tiendas/madison/,https://www.instagram.com/madison.y.co/?hl=es; https://www.facebook.com/profile.php?id=100067441071631&locale=cs_CZ,L-S: 10:00 - 20:00,www.madisonyco.cl,https://madisonyco.cl/,Nivel 3,3,,,,Tienda
One Aco,"Quiénes somos.¿Qué es Adidas?.La tienda más grande de Adidas Originals en Chile. Celebrando la originalidad desde 1972. Remezclando el pasado. Creando el futuro..¿Qué es One Aco?..Equipamiento outdoor. Traemos las mejores marcas para que tu experiencia en la Patagonia sea inolvidable..Te podría interesar.Descubre que otras tiendas o espacios de MUT podrían ser de tu interés. Visita nuestro mercado y encuentra todo aquello que necesitas..#ffffff.0Deporte.</p>
",https://mut.cl/tiendas/one-aco/,https://www.instagram.com/oneacochile/?hl=es; https://www.facebook.com/oneaco,L-S: 10:00 - 20:00,,,Nivel -1 ,-1,,,,Tienda
Kolken,"Quiénes somos.¿Qué es Adidas?.La tienda más grande de Adidas Originals en Chile. Celebrando la originalidad desde 1972. Remezclando el pasado. Creando el futuro..¿Qué es Kolken?..Reunimos en un solo lugar artículos infantiles de calidad, con buenos precios, envíos rápidos y atención cercana..Te podría interesar.Descubre que otras tiendas o espacios de MUT podrían ser de tu interés. Visita nuestro mercado y encuentra todo aquello que necesitas..#ffffff.0Juguetería.Niños.Tienda.</p>
",https://mut.cl/tiendas/kolken/,https://www.instagram.com/kolken_cl; https://www.facebook.com/kolkenshop,L-S: 10:00 - 20:00,www.kolken.cl,https://kolken.cl/,Nivel -1 ,-1,,,,Tienda
Las siete vidas del mueble,"Quiénes somos.¿Qué es Adidas?.La tienda más grande de Adidas Originals en Chile. Celebrando la originalidad desde 1972. Remezclando el pasado. Creando el futuro..¿Qué es Las Siete vidas del Mueble?..Rescatamos la nobleza de los objetos del pasado creando espacios únicos..Te podría interesar.Descubre que otras tiendas o espacios de MUT podrían ser de tu interés. Visita nuestro mercado y encuentra todo aquello que necesitas..#ffffff.0Decoración.Tienda.</p>
",https://mut.cl/tiendas/las-siete-vidas-del-mueble/,https://www.instagram.com/lassietevidasdelmueble,L-S: 10:00 - 20:00,,,Nivel 3,3,,,,Tienda
Stance,"Quiénes somos.¿Qué es Adidas?.La tienda más grande de Adidas Originals en Chile. Celebrando la originalidad desde 1972. Remezclando el pasado. Creando el futuro..¿Qué es Stance?..Stance, fundada en diciembre de 2009 en San Clemente, CA, es conocida por sus calcetines de ajuste y rendimiento excepcionales, gracias a materiales de alta calidad y su multidiseño, que incluye collabs con artistas, superhéroes y clásicos monocromáticos..Te podría interesar.Descubre que otras tiendas o espacios de MUT podrían ser de tu interés. Visita nuestro mercado y encuentra todo aquello que necesitas..#ffffff.0Accesorios.Tienda.</p>
",https://mut.cl/tiendas/stance/,https://www.instagram.com/stance_chile,L-S: 10:00 - 20:00,,,Nivel -1,-1,,,,Tienda
Sepia,"Quiénes somos.¿Qué es Adidas?.La tienda más grande de Adidas Originals en Chile. Celebrando la originalidad desde 1972. Remezclando el pasado. Creando el futuro..¿Qué es Sepia?..Ramos únicos y listos para llevar, elaborados al momento con flores frescas de temporada o preservadas que mantienen su belleza en el tiempo.Te podría interesar.Descubre que otras tiendas o espacios de MUT podrían ser de tu interés. Visita nuestro mercado y encuentra todo aquello que necesitas..#ffffff.0Accesorios.Tienda.</p>
",https://mut.cl/tiendas/sepia/,https://www.instagram.com/sepiaflores/?hl=es,L-S: 10:00 - 20:00,www.sepia.cl,https://sepia.cl/,Nivel -2,-2,,,,Tienda
Dinámica,"Quiénes somos.¿Qué es Adidas?.La tienda más grande de Adidas Originals en Chile. Celebrando la originalidad desde 1972. Remezclando el pasado. Creando el futuro..¿Qué es Dinámica?..Dinámica es una marca chilena de diseño dedicada al vestuario femenino, ofreciendo prendas exclusivas y de alta calidad..Te podría interesar.Descubre que otras tiendas o espacios de MUT podrían ser de tu interés. Visita nuestro mercado y encuentra todo aquello que necesitas..#ffffff.0Ropa.Tienda.</p>
",https://mut.cl/tiendas/dinamica/,https://www.instagram.com/dinamica_/,L-S: 10:00 - 20:00,www.dinamicatienda.com,https://dinamicatienda.com/,Nivel -1,-1,,,,Tienda
Annè,"Quiénes somos.¿Qué es Adidas?.La tienda más grande de Adidas Originals en Chile. Celebrando la originalidad desde 1972. Remezclando el pasado. Creando el futuro..¿Qué es Annè?..Annè es una vuelta al origen de un oficio, de la materialidad y del caminar.  Aquí el valor lo da el tiempo, el trabajo minucioso del artesano, y del saber hacer. Todo un mundo que se ha traspasado de generación en generación. La mujer Annè libre y conectada con el entorno, es aquella que privilegia la comodidad, pero que valora el diseño..Te podría interesar.Descubre que otras tiendas o espacios de MUT podrían ser de tu interés. Visita nuestro mercado y encuentra todo aquello que necesitas..#ffffff.0Accesorios.Tienda.</p>
",https://mut.cl/tiendas/anne/,https://www.instagram.com/annecollections/,L-S: 10:00 - 20:00,www.shopanne.cl,https://www.shopanne.cl/,Nivel -1 ,-1,,,,Tienda
La María Dolores,"Quiénes somos.¿Qué es Adidas?.La tienda más grande de Adidas Originals en Chile. Celebrando la originalidad desde 1972. Remezclando el pasado. Creando el futuro..¿Qué es La María Dolores?..Los accesorios son ese algo que te ayudan a cambiarlo todo, que le dan un toque a tu presencia y que pueden hacerte inolvidable a ojos de quien tenga la suerte de conocerte.  Colores que hablan por si solos, texturas que antojan sentirlas y formas que roban miradas son y serán las características que siempre podrás encontrar en el joyero y clóset de la María Dolores.  Los límites no existen, atrévete, experimenta, y sigue siempre así: apasionada..Te podría interesar.Descubre que otras tiendas o espacios de MUT podrían ser de tu interés. Visita nuestro mercado y encuentra todo aquello que necesitas..#ffffff.0Accesorios.Tienda.</p>
",https://mut.cl/tiendas/la-maria-dolores/,https://www.instagram.com/la_mariadolores; https://www.tiktok.com/@la_mariadolores,L-S: 10:00 - 20:00,www.lamariadolores.cl,https://www.lamariadolores.cl/,Nivel -1 ,-1,,,,Tienda
Bendito,"Quiénes somos.¿Qué es Adidas?.La tienda más grande de Adidas Originals en Chile. Celebrando la originalidad desde 1972. Remezclando el pasado. Creando el futuro..¿Qué es Bendito?..Somos un equipo de personas tremendamente comprometidas con el amor por nuestras raíces y la flora, fauna y cultura chilena. Trabajamos con ilustradores especialistas en lo que hacen: naturalistas para retratar nuestro entorno natural, creadores de lettering, diseñadores y creativos que tienen a Chile en el corazón, con un amor por el patrimonio que los hace únicos..Te podría interesar.Descubre que otras tiendas o espacios de MUT podrían ser de tu interés. Visita nuestro mercado y encuentra todo aquello que necesitas..#ffffff.0Accesorios.Tienda.</p>
",https://mut.cl/tiendas/bendito/,https://www.instagram.com/benditocl/; https://www.facebook.com/Bendito.cl; https://www.tiktok.com/@benditocl,L-D: 10:00 - 21:00,www.bendito.cl,https://bendito.cl/,Nivel -1,-1,,,,Tienda
Tató,"Quiénes somos.¿Qué es Adidas?.La tienda más grande de Adidas Originals en Chile. Celebrando la originalidad desde 1972. Remezclando el pasado. Creando el futuro..¿Qué es Tató?..Descubre una elección inteligente para los pequeños de la casa. Nuestros zapatos no solo destacan por su diseño nacional, colorido y único, sino que también ofrecen beneficios fundamentales para la salud y el desarrollo de los pies de los bebés y niños..Te podría interesar.Descubre que otras tiendas o espacios de MUT podrían ser de tu interés. Visita nuestro mercado y encuentra todo aquello que necesitas..#ffffff.0Niños.Tienda.</p>
",https://mut.cl/tiendas/tato/,https://www.instagram.com/tatozapatos,L-D: 10:00 - 20:00,www.tato.cl,https://www.tato.cl/,Nivel -1 ,-1,,,,Tienda
Blundstone,"Quiénes somos.¿Qué es Adidas?.La tienda más grande de Adidas Originals en Chile. Celebrando la originalidad desde 1972. Remezclando el pasado. Creando el futuro..¿Qué es Blundstone?..Blundstone es el botín más versátil del mundo. Úsalo en la naturaleza o el campo, a la ciudad o la oficina..Te podría interesar.Descubre que otras tiendas o espacios de MUT podrían ser de tu interés. Visita nuestro mercado y encuentra todo aquello que necesitas..#ffffff.0Tienda.</p>
",https://mut.cl/tiendas/blundstone/,https://www.instagram.com/blundstonechile/,L-D: 10:00 - 20:00,www.huellaschile.com,https://www.huellaschile.com/brand/blundstone,Nivel -1,-1,,,,Tienda
Blends and Tea,"Quiénes somos.¿Qué es Adidas?.La tienda más grande de Adidas Originals en Chile. Celebrando la originalidad desde 1972. Remezclando el pasado. Creando el futuro..¿Qué es Blends and Tea?..Los mejores tés del mundo, más nuestra colección de colores, son todo lo que necesitas para dar energía y ánimo a tu día..Te podría interesar.Descubre que otras tiendas o espacios de MUT podrían ser de tu interés. Visita nuestro mercado y encuentra todo aquello que necesitas..#ffffff.0Tienda.</p>
",https://mut.cl/tiendas/blends-and-tea/,https://www.instagram.com/blendsandtea/; https://www.facebook.com/blends.and.tea,L-D: 10:00 - 20:00,www.blendsandtea.cl,https://www.blendsandtea.cl/,Nivel -1,-1,,,,Tienda
Lippi,"Quiénes somos.¿Qué es Adidas?.La tienda más grande de Adidas Originals en Chile. Celebrando la originalidad desde 1972. Remezclando el pasado. Creando el futuro..¿Qué es Lippi?..Equípate para recorrer la Cordillera de los Andes con productos diseñados para rendir en su terreno. Nacimos entre montañas, aprendemos de ellas y estamos comprometidos con su cuidado. Queremos inspirarte a explorar su fuerza salvaje, conectar con su naturaleza única y vivir experiencias que se quedan para siempre..Te podría interesar.Descubre que otras tiendas o espacios de MUT podrían ser de tu interés. Visita nuestro mercado y encuentra todo aquello que necesitas..#ffffff.0Deporte.Tienda.</p>
",https://mut.cl/tiendas/lippi/,https://www.instagram.com/lippioutdoor/?hl=es /; https://www.facebook.com/lippioutdoor; https://www.youtube.com/channel/UCfClJbf8DKC6oVvmOrQz7Iw,L-D: 10:00 - 20:00,www.lippioutdoor.com,https://www.lippioutdoor.com/,Nivel 2,2,,,,Tienda
BackOnline,"Quiénes somos.¿Qué es Adidas?.La tienda más grande de Adidas Originals en Chile. Celebrando la originalidad desde 1972. Remezclando el pasado. Creando el futuro..¿Qué es BackOnline?..En BackOnline encuentras equipos Apple reacondicionados por expertos, con repuestos originales y 100% funcionales. Al ser Recycler Partner de MacOnline, aseguramos que cada producto que vendemos cumpla con los estándares más exigentes del mercado. Tecnología como nueva, a mejor precio y con menor impacto ambiental. Mejor para tu bolsillo, mejor para nuestro planeta..Te podría interesar.Descubre que otras tiendas o espacios de MUT podrían ser de tu interés. Visita nuestro mercado y encuentra todo aquello que necesitas..#ffffff.0Deporte.Tienda.</p>
",https://mut.cl/tiendas/backonline/,https://www.instagram.com/backonline.cl/,L-D: 10:00 - 20:00,www.backonline.cl,https://www.backonline.cl/,Nivel -3  ,-3,,,,Tienda
Vestuá,"¿Qué es Vestuá?..Vestuá es moda de segunda mano para quienes quieren revolucionar su forma de comprar. Es una plataforma para explorar tu estilo y soltar lo que ya no va contigo. Creemos que renovar tu clóset es tan simple como ser tú. Aquí encuentras joyitas únicas que se adaptan a tu momento. Sin culpa, sin excesos, con autenticidad. Si buscas vestir tu identidad, este es tu lugar..Te podría interesar.Descubre que otras tiendas o espacios de MUT podrían ser de tu interés. Visita nuestro mercado y encuentra todo aquello que necesitas..Ropa.</p>
",https://mut.cl/tiendas/vestua/,https://www.instagram.com/vestuachile/,L-D: 10:00 - 21:00,www.vestua.cl,https://www.vestua.cl/store,Nivel -1,-1,,,,Tienda
Conscious,"¿Qué es Conscious?..Somos una marca chilena, de fabricación y diseño nacional. Encuentras principalmente hoodies, de algodón de alta calidad, que ofrecen mucha comodidad y buena vibra a tus outfits..Te podría interesar.Descubre que otras tiendas o espacios de MUT podrían ser de tu interés. Visita nuestro mercado y encuentra todo aquello que necesitas..Ropa.</p>
",https://mut.cl/tiendas/conscious/,https://www.instagram.com/cons_chile/,L-D: 10:00 - 20:00,www.shop-cons.com,https://shop-cons.com/,Nivel -1,-1,,,,Tienda
Provap,"¿Qué es PROVAP Vape Store?..Es una tienda especializada en vaporizadores, pods desechables, líquidos con y sin nicotina, repuestos y accesorios. Nos apasiona ofrecer productos de calidad y acompañar a quienes buscan cambiar hábitos, mejorar su experiencia o simplemente disfrutar del vapeo con las mejores marcas internacionales del mercado..Te podría interesar.Descubre que otras tiendas o espacios de MUT podrían ser de tu interés. Visita nuestro mercado y encuentra todo aquello que necesitas..Accesorios.Servicios.</p>
",https://mut.cl/tiendas/provap/,https://www.instagram.com/provap.cl; https://www.facebook.com/vapers.provap,L-D: 10:00 - 20:00,www.provap.cl/,https://www.provap.cl,Nivel -3,-3,,,,Tienda
JOIA,"¿Qué es JOIA?..JOIA nace en Santiago de Chile en 2007 con el propósito de crear un espacio en el que comunicar, expresar y compartir una identidad ligada al arte, el diseño, la calle y el underground. A lo largo de estos años, no solo nos hemos establecido como un medio de comunicación impreso y digital, construido una marca o puesto en marcha una tienda online y física, sino que también hemos formado orgánicamente una comunidad de personas que comparten nuestros ideales y manera de ver el mundo, en todas sus formas..Te podría interesar.Descubre que otras tiendas o espacios de MUT podrían ser de tu interés. Visita nuestro mercado y encuentra todo aquello que necesitas..Accesorios.Ropa.Ropa.Urbano.</p>
",https://mut.cl/tiendas/joia/,https://www.instagram.com/joiamarket/,L-D: 10:00 - 20:00,joiamarket.com/,https://joiamarket.com/,,,,,,Tienda
AZAFRAN,"¿Qué es Azafran?..Librería Azafrán es una librería independiente ubicada en el piso 3 del MUT. Más que un lugar para comprar libros, es un espacio cultural pensado como punto de encuentro para lectores. Ofrece clubes de lectura, cuentacuentos, talleres y exposiciones de ilustradores. Su diseño invita a hojear con calma y disfrutar la lectura en un ambiente cálido, justo al lado del jardín del MUT..Te podría interesar.Descubre que otras tiendas o espacios de MUT podrían ser de tu interés. Visita nuestro mercado y encuentra todo aquello que necesitas..Librería.</p>
",https://mut.cl/tiendas/azafran/,https://www.instagram.com/libreriaazafran,L-S: 10:00 - 21:00 - D: 10:00 - 20:00,www.libreriaazafran.cl,http://www.libreriaazafran.cl,Nivel 3,3,,,,Tienda
Guagüitas a la moda,"¿Qué es Guagüitas a la moda?..Tienda de vestuario para guagüitas de 0 a 6 años. Aquí podrás comprar ropa de diseño y calidad premium o arrendar mediante la suscripción Guagüibox, donde accedes a un set de prendas de la tienda que puedes recambiar cada vez que necesites una nueva talla o temporada..Te podría interesar.Descubre que otras tiendas o espacios de MUT podrían ser de tu interés. Visita nuestro mercado y encuentra todo aquello que necesitas..Niños.Pijamas.Ropa.</p>
",https://mut.cl/tiendas/guaguitas-a-la-moda/,https://www.instagram.com/guaguitasalamoda/; https://www.facebook.com/guaguitasalamoda; https://www.tiktok.com/@guaguitas.alamoda,L-D: 10:00 - 20:00 ,guaguitasalamoda.cl,https://guaguitasalamoda.cl/tienda/,,,,,,Tienda
Karungen,"¿Qué es Karungen?..con la misión de dar vida a los espacios, trayendo la esencia de la naturaleza a cada hogar a través de terrarios eternos. Queremos llevar la belleza y serenidad de ecosistemas autosuficientes a cada rincón de la ciudad, contribuyendo a construir un mundo más verde y consciente..Te podría interesar.Descubre que otras tiendas o espacios de MUT podrían ser de tu interés. Visita nuestro mercado y encuentra todo aquello que necesitas..Decoración.Decoración.Flores.</p>
",https://mut.cl/tiendas/karungen/,https://www.instagram.com/terrarioskarungen/; https://www.facebook.com/terrarioseternoskarungen,10am a 8pm horario continuado,www.terrarioskarungen.cl,http://www.terrarioskarungen.cl,,,,,,Tienda
Toke,"¿Qué es Toke?..Toke es una marca para los que siempre están en movimiento. Inspirada en los fierros, la mecánica y la playa, crea productos de calidad y atemporales. Más que ropa, es un estilo de vida: desafiarse, moverse y vivir con actitud..Te podría interesar.Descubre que otras tiendas o espacios de MUT podrían ser de tu interés. Visita nuestro mercado y encuentra todo aquello que necesitas..Ropa.</p>
",https://mut.cl/tiendas/toke/,https://www.instagram.com/toke_chile/,L-D: 10:00 - 20:00,www.toke.cl,https://www.toke.cl/,Nivel -1 - Local 112,-1,112,,,Tienda
B+D,"¿Qué es B+D?..B+D ofrece anteojos pregraduados de lectura, con y sin filtro de luz azul, y de sol para adultos y niños. Con más de 30 años en el mercado, nos dedicamos a ofrecer soluciones para la visión en todo el mundo..Te podría interesar.Descubre que otras tiendas o espacios de MUT podrían ser de tu interés. Visita nuestro mercado y encuentra todo aquello que necesitas..Ópticas.</p>
",https://mut.cl/tiendas/bd/,https://www.instagram.com/bplusd.chile?igsh=azRia3NpNjFvb2Ns,L-D: 10:00 - 20:00,,,Nivel -1,-1,,,,Tienda
TheColorShop,"¿Qué es TheColorShop?..Nuestra tienda es un destino para  quienes buscan materiales que inspiren, en distintas técnicas y expresiones. Exploramos las marcas de arte más innovadoras; para así ofrecer una variedad sin límites para pintar y crear.Arte.Decoración.Manualidades.Papelería.</p>
",https://mut.cl/tiendas/thecolorshop/,https://www.instagram.com/thecolorshopcl?igsh=ZGxhOTFwMTVoamVt,L-S: 10:00 - 20:00 D & F: 10:00 - 19:00,,,Nivel -1,-1,,,,Tienda
Ranty,"¿Qué es Ranty?..En Ranty, saben que cocinar es un arte y que cada plato es una oportunidad para deleitar los sentidos. Su objetivo es proporcionarte los utensilios funcionales para facilitar su experiencia en la cocina y los accesorios más innovadores para explorar tu pasión por la cocina y crear momentos memorables..Te podría interesar.Descubre que otras tiendas o espacios de MUT podrían ser de tu interés. Visita nuestro mercado y encuentra todo aquello que necesitas..Hogar.</p>
",https://mut.cl/tiendas/ranty/,https://www.instagram.com/ranty.cl/; https://www.facebook.com/RantyOficial/?show_switched_toast=0&show_invite_to_follow=0&show_switched_tooltip=0&show_podcast_settings=0&show_community_review_changes=0&show_community_rollback=0&show_follower_visibility_disclosure=0,L-S: 10:00 - 20:00 D & F: 10:00 - 19:00,,,Nivel -2,,,,,Tienda
Sellos Vintage,"¿Qué es Sellos Vintage?..La mejor selección de ropa reciclada para mujeres y hombres, con un estilo diferente. Encuentra  prendas 100% de cuero original, como pantalones, chaquetas, gillets, bombers y mucho más para tu sello vintage..Te podría interesar.Descubre que otras tiendas o espacios de MUT podrían ser de tu interés. Visita nuestro mercado y encuentra todo aquello que necesitas..Ropa.</p>
",https://mut.cl/tiendas/sellos-vintage/,https://www.instagram.com/sellos_vintage_?igsh=MW1ranM2OTk5YW11dA%3D%3D&utm_source=qr,L-D: 10:00 - 20:00,,,Nivel -1,-1,,,,Tienda
Nike,"¿Qué es Nike?..Nike combina innovación, diseño y rendimiento en cada producto. Inspirando a millones alrededor del mundo, Nike impulsa a las personas a superar sus límites y alcanzar su máximo potencial, dentro y fuera del deporte..Te podría interesar.Descubre que otras tiendas o espacios de MUT podrían ser de tu interés. Visita nuestro mercado y encuentra todo aquello que necesitas..Deporte.</p>
",https://mut.cl/tiendas/nike/,https://www.instagram.com/nike/; https://www.facebook.com/nike,L-D: 10:00 - 20:00,,,Nivel 2,2,,,,Tienda
Cavalera,"¿Qué es Cavalera?..Cavalera es una constante evolución para llevar lo urbano a un espacio donde artistas y clientes pueden juntarse a crear en conjunto experiencias inolvidables. El tatuaje es mucho más que tinta y piel; hay conexión, emociones, historias y por sobre todo un ánimo de aprendizaje constante, que nos lleva día a día a mejorar en diferentes formas y hacer que cada cliente se lleve mucho más que una obra de calidad..Te podría interesar.Descubre que otras tiendas o espacios de MUT podrían ser de tu interés. Visita nuestro mercado y encuentra todo aquello que necesitas..Estudio de Tatuajes.</p>
",https://mut.cl/tiendas/cavalera/,https://www.instagram.com/cavalera.cl?igsh=MWJmOHBxYWM1MHNyeA==,L-D: 10:00 - 20:00,,,Nivel 1,1,,,,Tienda
Blueblood,"¿Qué es Blueblood?..Básicos y jeans atemporales que te acompañarán por mucho tiempo. Todos sus productos, hechos en Chile con la mejor materia prima, impulsan la economía local con comercio justo y prácticas sustentables..Te podría interesar.Descubre que otras tiendas o espacios de MUT podrían ser de tu interés. Visita nuestro mercado y encuentra todo aquello que necesitas..Ropa.</p>
",https://mut.cl/tiendas/blueblood/,https://www.instagram.com/blueblood.cl/?hl=es,L-D: 10:00 - 20:00,,,Nivel -1,-1,,,,Tienda
Needle,"¿Qué es Needle?..En Needle, somos un grupo de músicos y amantes de la música que, desde hace más de 10 años, nos dedicamos a buscar y probar productos que mejoran la experiencia de escuchar música. Nuestras tiendas no solo se especializan en la venta de diversos formatos musicales, equipos y complementos de audio, sino que también se han convertido en espacios culturales donde se realizan eventos y actividades que promueven la música y las artes..Te podría interesar.Descubre que otras tiendas o espacios de MUT podrían ser de tu interés. Visita nuestro mercado y encuentra todo aquello que necesitas..Música.</p>
",https://mut.cl/tiendas/needle/,https://www.instagram.com/needlevinilos/?hl=es; https://www.facebook.com/needlevinilos/?locale=es_LA,L-D: 10:00 - 20:00,,,Nivel -1,-1,,,,Tienda
Revesderecho,"¿Qué es Revesderecho?..Somos Revesderecho, la tienda de Craft más grande de Chile. Encuentra todo lo que necesitas para llevar a cabo tu proyecto de Tejido, Bordado, Crochet, Trapillos, Costura, Telar, Frivolité y mucho más..Te podría interesar.Descubre que otras tiendas o espacios de MUT podrían ser de tu interés. Visita nuestro mercado y encuentra todo aquello que necesitas..Manualidades.</p>
",https://mut.cl/tiendas/reves-derecho/,https://www.instagram.com/revesderecho/; https://www.facebook.com/revesderecho/?locale=es_LA,L-D: 10:00 - 20:00,,,Nivel -1,-1,,,,Tienda
LENS,"¿Qué es LENS?..En Lens ofrecemos una amplia gama de servicios, que incluyen exámenes de la vista, lentes de contacto, accesorios, gafas graduadas y de sol. Nuestro equipo de profesionales está comprometido con la salud visual de nuestros clientes, asegurando una atención personalizada y productos de las mejores marcas. En Lens, tu visión es nuestra prioridadÓpticas.</p>
",https://mut.cl/tiendas/lens/,,L-S: 10:00 - 20:00 D & F: 10:00 - 19:00,,,Nivel 2 ,2,201,,,Tienda
Cordelia,"¿Qué es Cordelia?..Cordelia es una tienda boutique que ofrece productos únicos para amantes de las manualidades. En Cordelia, se unen belleza, artesanía y comunidad, creando una experiencia especial y acogedora para todos los clientes. Nuestro propósito es transmitir el valor de lo hecho a mano y honrar el tiempo de entrega de lo artesanal..Te podría interesar.Descubre que otras tiendas o espacios de MUT podrían ser de tu interés. Visita nuestro mercado y encuentra todo aquello que necesitas..Manualidades.</p>
",https://mut.cl/tiendas/cordelia/,https://www.instagram.com/tiendacordelia/?hl=es-la,L-D: 10:00 - 20:00 ,,,Nivel -1,-1,,,,Tienda
Zucca,"¿Qué es Zucca?..En Zucca, somos una marca chilena apasionada por diseñar y vender mochilas urbanas que reflejen el estilo y personalidad de cada persona. Combinamos comodidad y estilo, adaptándonos a tus necesidades con líneas simples y colores neutros..Te podría interesar.Descubre que otras tiendas o espacios de MUT podrían ser de tu interés. Visita nuestro mercado y encuentra todo aquello que necesitas..Mochilas.</p>
",https://mut.cl/tiendas/zucca/,https://www.instagram.com/zucca.cl; https://www.facebook.com/Zucca/,L-D: 10:00 - 20:00,,,Nivel -1,-1,,,,Tienda
Cantarina Joyas,"¿Qué es Cantarina Joyas?..En Cantarina encontrarás joyas lindas y vanguardistas pensadas para ti, hechas por mujeres para mujeres.Cada pieza fue pensada para darle el toque Perfecto a tus looks día a día, descúbrenos y brilla sin límites..Te podría interesar.Descubre que otras tiendas o espacios de MUT podrían ser de tu interés. Visita nuestro mercado y encuentra todo aquello que necesitas..Accesorios.Joyas.</p>
",https://mut.cl/tiendas/cantarina/,https://www.instagram.com/cantarina.joyas?igsh=MWxnMTlncWxjZGdnaw%3D%3D&utm_source=qr,L-D: 10:00 - 20:00,,,Nivel -1,-1,,,,Tienda
Newen,"¿Qué es Newen?..Desde Pichilemu nace Newen buscando conectar la naturaleza con el ser humano. Nuestra cosmética viva fusiona la sabiduría ancestral e innovación científica, invitando a explorar tu belleza natural y revolucionar la manera en que cuidas tu piel..Te podría interesar.Descubre que otras tiendas o espacios de MUT podrían ser de tu interés. Visita nuestro mercado y encuentra todo aquello que necesitas..Belleza.</p>
",https://mut.cl/tiendas/newen/,https://www.instagram.com/newencosmetica; https://www.facebook.com/newencosmetica/,L-D: 10:00 - 20:00,,,Nivel -1,-1,,,,Tienda
Lycos Vounó,"¿Qué es Lycos Vounó?..Lycos Vounó ofrece velas aromáticas y decorativas, difusores, sprays de ambiente y ceras aromáticas. Hechas en Chile con materias primas sostenibles europeas. Su misión es proporcionar una experiencia sensorial única, sofisticada y respetuosa con el medio ambiente..Te podría interesar.Descubre que otras tiendas o espacios de MUT podrían ser de tu interés. Visita nuestro mercado y encuentra todo aquello que necesitas..Decoración.</p>
",https://mut.cl/tiendas/lycos-vouno/,https://www.instagram.com/lycos_vouno/,L-D: 10:00 - 20:00 ,,,Nivel -1,,,,,Tienda
Rukafe,"¿Qué es Rukafe?..Es un nuevo concepto de Ferretería, una que te ayuda a cumplir tus aspiraciones y necesidades en el hogar, desde la renovación de un mueble hasta el quitamanchas para no perder una prenda. Encuentra productos nacionales, americanos y europeos..Te podría interesar.Descubre que otras tiendas o espacios de MUT podrían ser de tu interés. Visita nuestro mercado y encuentra todo aquello que necesitas..Ferretería.</p>
",https://mut.cl/tiendas/rukafe/,https://www.instagram.com/rukafechile; https://web.facebook.com/rukafechile,L-D: 10:00 - 20:00,,,Nivel -3,-3,,,,Tienda
Salcobrand,"Quiénes somos.¿Qué es Salcobrand?..Cadena de farmacias que busca contribuir al bienestar de las personas, a través de una experiencia memorable para sus clientes. Son parte de Empresas SB, holding constiuido por distintas filiales, cuyo propósito es hacer sentir bien a las personas, estén donde estén, entregando la mejor salud, belleza y bienestar. Destaca por su cultura organizacional, gestión en diversidad e inclusión e innovación..Te podría interesar.Descubre que otras tiendas o espacios de MUT podrían ser de tu interés. Visita nuestro mercado y encuentra todo aquello que necesitas..#ffffff.PróximamenteFarmacia.</p>
",https://mut.cl/tiendas/salcobrand/,https://www.instagram.com/salcobrandcl/; https://www.facebook.com/Salcobrand,L-D: 10:00 - 20:00,,,Nivel -3 ,-3,3088,,,Tienda
Teraideas,"¿Qué es Teraideas?..Somos una editorial independiente y hacemos libros para aprender, crecer y estar bien. Creemos en el poder de las palabras impresas y del diseño y los colores para motivar a las personas, niños, adolescentes y adultos, a cuidar más de sí mismos y de la comunidad que nos rodea..Te podría interesar.Descubre que otras tiendas o espacios de MUT podrían ser de tu interés. Visita nuestro mercado y encuentra todo aquello que necesitas..Librería.</p>
",https://mut.cl/tiendas/teraideas/,https://www.instagram.com/teraideas/; https://www.facebook.com/Teraideas/,L-D: 10:00 - 20:00,,,Nivel -1,-1,,,,Tienda
D&#8217;Barbers,"¿Qué es D Barbers?..Desde la más clásica afeitada con navaja y toallas calientes hasta fades, mullets o pompadours, ven a vivir la experiencia D’BARBERS en un entorno clásico pensado especialmente para ti. Nuestro ambiente y experimentado equipo hacen de tu experiencia mucho más que un corte de cabello, hacen que tu experiencia sea inigualable..Te podría interesar.Descubre que otras tiendas o espacios de MUT podrían ser de tu interés. Visita nuestro mercado y encuentra todo aquello que necesitas..Barbería.</p>
",https://mut.cl/tiendas/dbarbers/,https://www.instagram.com/dbarbers_/?hl=es; https://www.facebook.com/p/DBarbers-100063972309959/,L-D: 10:00 - 20:00 ,,,Nivel 1,,,,,Tienda
Atómica Strap,"¿Qué es Atómica Strap?..Atómica Strap ofrece estilo y comodidad a través de sus increíbles carcasas y straps de cartera que permiten transformar cualquier celular, sin importar la marca o modelo, en un accesorio colgante. Evita caídas innecesarias de tu celular y potencia, al mismo tiempo, el estilo que te caracteriza. .Te podría interesar.Descubre que otras tiendas o espacios de MUT podrían ser de tu interés. Visita nuestro mercado y encuentra todo aquello que necesitas..Accesorios.</p>
",https://mut.cl/tiendas/atomica-strap/,https://www.instagram.com/atomicachile?utm_source=ig_web_button_share_sheet&igsh=ZDNlZDc0MzIxNw%3D%3D,L-D: 10:00 - 20:00,,,Nivel -1,-1,,,,Tienda
Premium Paper,"¿Qué es Premium Paper?..Somos una papelería chilena, creada en el 2010 por mujeres amantes del diseño, en nuestras creaciones utilizamos adorables personajes como Principito, Mafalda y Snoopy.Nos preocupa el medio ambiente, por eso usamos solo papel de bambú, fabricamos bolsas de algodón para evitar las bolsas de plástico, hacemos vasos ecológicos de fibra de bambú para disminuir el consumo de vasos desechables y nuestras lapiceras son metálicas de larga vida.. Aquí podrás encontrar agendas, libretas, lapiceras, bolsas de algodón, tazones y vasos de bambú, con un sello de alta calidad y sustentabilidad.Te podría interesar.Descubre que otras tiendas o espacios de MUT podrían ser de tu interés. Visita nuestro mercado y encuentra todo aquello que necesitas..Papelería.</p>
",https://mut.cl/tiendas/premium-paper/,https://www.instagram.com/premiumpaper/?hl=es; https://www.facebook.com/premiumpapercl/,L-D: 10:00 - 20:00,,,Nivel -1,-1,,,,Tienda
Isadora,"¿Qué es Isadora?..Isadora trabaja con pasión para ofrecer infinitas propuestas de accesorios, complementos de moda, beauty y lifestyle que potencien tu personalidad, expresen tu mundo interior y te hagan sentir bien. ¡Isadora, la mejor aliada de las mujeres!.Te podría interesar.Descubre que otras tiendas o espacios de MUT podrían ser de tu interés. Visita nuestro mercado y encuentra todo aquello que necesitas..Accesorios.</p>
",https://mut.cl/tiendas/isadora/,https://www.instagram.com/isadorastyle_chile/; https://www.facebook.com/ChileIsadora/,L-S: 10:00 - 20:00 D & F: 10:00 - 19:00,,,Nivel 1,1,,,,Tienda
Entrelagos,"Quiénes somos.¿Qué es Chocolatería Entrelagos?..Con más de cien artesanos, quienes, día a día se inspiran entorno al Santuario de la Naturaleza de la ciudad de Valdivia, elaboran con amor sus chocolates y mazapanes de origen para la familia chilena..Te podría interesar.Descubre que otras tiendas o espacios de MUT podrían ser de tu interés. Visita nuestro mercado y encuentra todo aquello que necesitas..#ffffff.PróximamenteChocolatería.</p>
",https://mut.cl/tiendas/entrelagos/,https://www.instagram.com/entrelagos_chocolateria/?hl=es; https://www.facebook.com/entrelagoschocolateria/,L-D: 10:00 - 20:00,www.entrelagos.cl,http://www.entrelagos.cl/,Nivel -2,1,,,,Tienda
PSK,"¿Qué es PSK?..Patricia Skvirsky busca que la elegancia, calidad y confianza se encuentren presentes en todos los aspectos y detalles.   Una marca que ofrece un servicio personalizado excepcional, brindando un mix de joyas versátiles, finas y de calidad que te permitan transformar tu look, haciéndote sentir única y especial. Piezas creadas por mujeres para mujeres..Te podría interesar.Descubre que otras tiendas o espacios de MUT podrían ser de tu interés. Visita nuestro mercado y encuentra todo aquello que necesitas..#ffffffJoyas.</p>
",https://mut.cl/tiendas/psk/,https://www.instagram.com/psk_joyas/?hl=es; https://www.facebook.com/PSKJOYAS/,L-D: 10:00 - 20:00,,,Nivel -3,-3,,,,Tienda
Pinky Lady Beauty,"¿Qué es Pinky Lady Beauty?..Un beauty store donde podrás encontrar todo lo que tu belleza necesita. Cadena de tiendas de maquillaje, cuidado de la piel, pelo, uñas y accesorios..Te podría interesar.Descubre que otras tiendas o espacios de MUT podrían ser de tu interés. Visita nuestro mercado y encuentra todo aquello que necesitas..#ffffffBelleza.</p>
",https://mut.cl/tiendas/pinky-lady-beauty/,https://www.instagram.com/pinkladybeauty_cl/; https://www.facebook.com/PinkLadyBeautyStore,L-S: 10:00 - 20:00 D & F: 10:00 - 19:00,,,Nivel -3,-3,,,,Tienda
Pichara,"¿Qué es Pichara?..Pichara es una tienda especializada en belleza y cuidado personal. Ofrecemos una amplia variedad de productos profesionales para el cabello, rostro y cuerpo, con marcas exclusivas y asesoría experta para cada necesidad. Inspira tu rutina de belleza con nosotros..Te podría interesar.Descubre que otras tiendas o espacios de MUT podrían ser de tu interés. Visita nuestro mercado y encuentra todo aquello que necesitas..#ffffffPeluquería.</p>
",https://mut.cl/tiendas/pichara/,https://www.instagram.com/picharaoficial/; https://www.facebook.com/PicharaOficial/,L-D: 10:00 - 20:00,www.pichara.cl,https://www.pichara.cl/,Nivel -3,-3,,,,Tienda
Multiservice,"¿Qué es Multiservice?..Multiservice se encarga de resolver la mayor cantidad de problemas domésticos del día a día con diversos productos y servicios en tienda o a domicilio, como cerrajería, electricidad, gasfitería y copias de llaves de auto, siempre entregando la mejor calidad y seguridad posible..Te podría interesar.Descubre que otras tiendas o espacios de MUT podrían ser de tu interés. Visita nuestro mercado y encuentra todo aquello que necesitas..Servicios.</p>
",https://mut.cl/tiendas/multiservice/,https://www.instagram.com/multiservicechile/?hl=es-la; https://www.facebook.com/multiservicecerrajeria/?locale=es_LA,L-S: 10:00 - 20:00 D & F: 10:00 - 19:00,,,Nivel -3,-3,,,,Tienda
Librería Antártica,"¿Qué es Librería Antártica?..Librería Antártica es una librería familiar que, desde 1982, trabaja para acercar la lectura a más personas y seguir siendo una librería familiar y cálida, pero a la vez actualizada y moderna, donde puedes encontrar todos los libros que necesites..Te podría interesar.Descubre que otras tiendas o espacios de MUT podrían ser de tu interés. Visita nuestro mercado y encuentra todo aquello que necesitas..Librería.</p>
",https://mut.cl/tiendas/libreria-antartica/,https://www.instagram.com/antarticalibros/?hl=es; https://www.facebook.com/LibreriaAntartica/,L-S: 10:00 - 20:00 D & F: 10:00 - 19:00,,,Nivel 3,3,,,,Tienda
Farmacias Knop,"¿Qué es Farmacias Knop?..Farmacias Knop, líderes en medicina natural en Chile, busca acercar alternativas de bienestar integral a la comunidad, con productos de excelencia y alto respaldo científico. Cuentan con una amplia variedad de productos para el cuidado de toda la familia, desde cosmética, vitaminas, suplementos, alimentación saludable y medicamentos naturales. Prefiere productos naturales, prefiere Farmacias Knop. ¡Te quiero Natural! .Te podría interesar.Descubre que otras tiendas o espacios de MUT podrían ser de tu interés. Visita nuestro mercado y encuentra todo aquello que necesitas..Farmacia.</p>
",https://mut.cl/tiendas/farmacias-knop/,https://www.instagram.com/farmaciasknop; https://www.facebook.com/Farmaciasknop; https://www.tiktok.com/@farmaciasknop,L-S: 10:00 - 20:00,www.farmaciasknop.com,https://www.farmaciasknop.com/,Nivel -3,-3,,,,Tienda
Farmacias Ahumada,"Quiénes somos.¿Qué es Farmacias Ahumada?..Farmacias Ahumada es una de las cadenas de farmacias más importantes en Chile, con una amplia red de locales con presencia desde Arica a Punta Arenas..Te podría interesar.Descubre que otras tiendas o espacios de MUT podrían ser de tu interés. Visita nuestro mercado y encuentra todo aquello que necesitas..#ffffff.PróximamenteFarmacia.</p>
",https://mut.cl/tiendas/farmacias-ahumadas/,https://www.instagram.com/farmaciasahumada/?hl=es; https://www.facebook.com/farmaciasahumadacl/,L-S: 10:00 - 20:00 D & F: 10:00 - 19:00,www.farmaciasahumada.cl,https://www.farmaciasahumada.cl,Nivel -3,-3,,,,Tienda
Casa Royal,"Quiénes somos.¿Qué es Casa Royal?..En Casa Royal conectan y acercan la tecnología a las personas facilitando su vida. Se dedican a la venta de una gran variedad de productos de audio y electrónica, servicio personalizado y experto..Te podría interesar.Descubre que otras tiendas o espacios de MUT podrían ser de tu interés. Visita nuestro mercado y encuentra todo aquello que necesitas..#ffffff.PróximamenteMúsica.Tecnología.</p>
",https://mut.cl/tiendas/casa-royal/,https://www.instagram.com/casaroyalchile/; https://www.facebook.com/casaroyalchile/?locale=es_LA,L-S: 10:00 - 20:00 D & F: 10:00 - 19:00,www.casaroyal.cl,https://casaroyal.cl,Nivel -3,-3,,,,Tienda
Afex,"¿Qué es Afex?..Afex hace más de 45 años que ofrece servicios de compra y venta de divisas, envíos nacionales e internacionales de dinero y transferencias bancarias para pagos de exportadores e importadores. .Te podría interesar.Descubre que otras tiendas o espacios de MUT podrían ser de tu interés. Visita nuestro mercado y encuentra todo aquello que necesitas..Proximamente.Servicios.</p>
",https://mut.cl/tiendas/afex/,https://www.instagram.com/afexchile/?hl=es; https://www.facebook.com/Afexchile/?locale=es_LA,L-D: 10:00 - 21:00 ,www.afex.cl,https://www.afex.cl/,Nivel -3,-3,,,,Tienda
Feröz,"¿Qué es Feröz?..Chocolatería inspirada en sus orígenes suizos, fundada por dos hermanos que buscan generar la mejor experiencia para los fanáticos del chocolate.Chocolatería.Decoración.</p>
",https://mut.cl/tiendas/feroz/,https://www.instagram.com/ferozchocolates/; https://www.facebook.com/ferozchocolates/,L-D: 10:00 - 20:00,,,Nivel -3,,,,,Tienda
Vintage,"<p>.Vintage..¿Qué es Vintage?..En Vintage podrás encontrar las mejores y más variadas carcasas, para que puedas combinar la que quieras con tu estilo personal.Accesorios.Tecnología.</p>
",https://mut.cl/tiendas/vintage/,,L-S: 10:00 - 20:00 D & F: 10:00 - 19:00,,,Nivel -3,-3,,,,Tienda
Tip Top Galletas,"¿Qué es Tip Top?..Tip-Top es la galleta de Chile. Durante 40 años ha endulzado los hogares de chilenas y chilenos, con su exquisito sabor e inconfundible aroma de galletas recién horneadas.Ofrece una amplia variedad de galletas, que se dividen en tres categorías: clásicas, rellenas y bañadas, las cuales aún conservan la tradición de sus recetas y técnicas de horneo.Galletería.</p>
",https://mut.cl/tiendas/tip-top-galletas/,https://www.instagram.com/galletastiptop/; https://www.facebook.com/Galletastiptop,L-S: 10:00 - 20:00 D & F: 10:00 - 19:00,,,Nivel -3,-3,,,,Tienda
Rita Lira,"¿Qué es Rita Lira?..Bienvenido a Rita Lira, tu destino para pijamas únicos con un toque chileno. Diseñados en Chile y confeccionados en India, sus pijamas son una fusión de calidad, comodidad y diseño. Cada estampado es una obra de arte creada por talentosos diseñadores de todo el mundo, permitiéndote ser libre, espontáneo, lúdico y creativo en cualquier ocasión. Pijamas.Ropa.</p>
",https://mut.cl/tiendas/rita-lira/,https://www.instagram.com/ritalira_com/,L-D: 10:00 - 20:00,,,Nivel -1,1,,,,Tienda
Brando,"¿Qué es Brando?..Brando sigue el estilo de vida de las personas y busca acompañarlas con productos funcionales de diseño minimalista y tendencia nórdica, dándole vida y diversión a las necesidades cotidianas a través de estos.Decoración.Hogar.</p>
",https://mut.cl/tiendas/brando/,https://www.instagram.com/brandochile/; https://www.facebook.com/BrandoChile,L-S: 10:00 - 20:00 D & F: 10:00 - 19:00,,,Nivel 1,1,,,,Tienda
Mac Online,"Quiénes somos.¿Qué es The Body Shop?.Cosmética cruelty free. Nació con la idea de que las empresas podían tener un impacto positivo en la sociedad y el planeta. Han mantenido su visión durante más de 40 años en los que han dedicado a romper las reglas, ser siempre sinceros y propiciar el cambio..¿Qué es Mac Online?..MacOnline es el principal Apple Premium Reseller de Latinoamérica. En MacOnline encontrarás los últimos productos Apple y los accesorios que necesitas. Atendidas por profesionales certificados por Apple, para darte el mejor servicio y soporte..Te podría interesar.Descubre que otras tiendas o espacios de MUT podrían ser de tu interés. Visita nuestro mercado y encuentra todo aquello que necesitas..#ffffff.PróximamenteTecnología.</p>
",https://mut.cl/tiendas/mac-online/,https://www.instagram.com/maconlinechile/?hl=es; https://www.facebook.com/MacOnlineChile/?locale=es_LA,L-S: 10:00 - 20:00 D & F: 10:00 - 19:00,,,Nivel 2,,,,,Tienda
Kabinet,"<p>.Kabinet Art..¿Qué es Kabinet?..Es una tienda de Fine Art prints, enmarcaciones, libros de arte, cuadros y mucho más. Todo lo que necesitas para vestir tus paredes con arte y creatividadArte.</p>
",https://mut.cl/tiendas/kabin/,https://www.facebook.com/kabinet.art.prints/; https://www.instagram.com/kabinet.art/,L-S: 10:00 - 20:00 D & F: 10:00 - 19:00,,,Piso -1,-1,,,,Tienda
Rotter &#038; Krauss,"Quiénes somos.¿Qué es Rotter &#038; Krauss?..Somos una óptica con más de 100 años de trayectoria, comprometida con mejorar la calidad de vida de las personas. Con presencia en todo Chile, desarrollamos soluciones ópticas y auditivas desde la innovación y la tecnología de vanguardia..Te podría interesar.Descubre que otras tiendas o espacios de MUT podrían ser de tu interés. Visita nuestro mercado y encuentra todo aquello que necesitas..#ffffff.PróximamenteÓpticas.</p>
",https://mut.cl/tiendas/rotter-amp-krauss/,https://www.instagram.com/rotterykrauss/; https://www.facebook.com/RotteryKrauss/,L-S: 10:00 - 20:00 D & F: 10:00 - 19:00,www.ryk.cl,https://www.ryk.cl,Nivel -3  ,-3,3037,,,Tienda
Sin Enredos,"¿Qué es Sin Enredos?..Tienda de insumos de manualidades que ofrece gran variedad de colores en todos sus productos. Encuentra materiales para las  técnicas  de amigurumi, beading, macramé, bordado y tejido. Manualidades.</p>
",https://mut.cl/tiendas/sin-enredos/,https://www.facebook.com/SinEnredosTienda; https://www.instagram.com/sinenredostienda,L-D: 10:00 - 20:00,www.sinenredos.cl,https://www.sinenredos.cl/,Piso -1,-1,,,,Tienda
Ibikes,"Quiénes somos.¿Qué es Ibikes?..Ibikes es una tienda de bicicletas, repuestos y accesorios. Poseen la representación de prestigiosas marcas internacionales que han confiado en su experiencia y profesionalismo..Te podría interesar.Descubre que otras tiendas o espacios de MUT podrían ser de tu interés. Visita nuestro mercado y encuentra todo aquello que necesitas..#ffffff.PróximamenteBicicletas.Tecnología.</p>
",https://mut.cl/tiendas/ibikes/,https://www.instagram.com/ibikes/?hl=es-la; https://www.facebook.com/ibikeschile/?locale=es_LA,L-S: 10:00 - 20:00 D & F: 10:00 - 19:00,www.ibikes.cl,https://www.ibikes.cl/,Nivel -1,-1,3000-9,,,Tienda
The Birmingham Brothers,"<p>.The Birmingham Brothers..¿Qué es The Birmingham Brothers?..The Birmingham Brothers es una óptica con diseños inspirados en la vida simple del sur, donde las tonalidades, olores y calidez son el principal referente.Accesorios.Ópticas.</p>
",https://mut.cl/tiendas/the-birmingham-brother/,https://www.thebirminghambrothers.cl/password; https://www.instagram.com/tbbseyewear/?hl=es,L-S: 10:00 - 20:00 D & F: 10:00 - 19:00,,,Piso -3,-3,,,,Tienda
Fjällräven,"Quiénes somos.Te podría interesar.Descubre que otras tiendas o espacios de MUT podrían ser de tu interés. Visita nuestro mercado y encuentra todo aquello que necesitas..#ffffff.Próximamente.¿Qué es Fjällräven?..Fjällräven es una marca sueca dedicada a desarrollar productos de vestuario y equipamiento para realizar actividades al aire libre, con foco en la funcionalidad, durabilidad y atemporalidad de cada uno de sus diseños. Bajo la misma línea, Fjällräven es una marca altamente comprometida con el cuidado y la conservación del medio ambiente, actuando de manera responsable con la naturaleza, los animales y las personas en todos sus procesos.Mochilas.Ropa.</p>
",https://mut.cl/tiendas/fjallraven/,https://www.instagram.com/arcticfox_chile/; https://www.facebook.com/FjallravenChile,L-S: 10:00 - 20:00 D & F: 10:00 - 19:00,,,Nivel 1  ,1,169,,,Tienda
Samsung,"Quiénes somos.¿Qué es The Body Shop?.Cosmética cruelty free. Nació con la idea de que las empresas podían tener un impacto positivo en la sociedad y el planeta. Han mantenido su visión durante más de 40 años en los que han dedicado a romper las reglas, ser siempre sinceros y propiciar el cambio..¿Qué es Samsung?..Samsung es una marca multinacional de tecnología comprometida a mejorar la comunidad global, en redefinir constantemente los límites de la innovación y la creación de productos que contribuyan a mejorar la vida de las personas..Te podría interesar.Descubre que otras tiendas o espacios de MUT podrían ser de tu interés. Visita nuestro mercado y encuentra todo aquello que necesitas..#ffffff.PróximamenteTecnología.Tienda.</p>
",https://mut.cl/tiendas/samsung/,https://www.instagram.com/samsungchile/?hl=es; https://www.facebook.com/SamsungChile/?locale=es_LA,L-S: 10:00 - 20:00 D & F: 10:00 - 19:00,www.samsung.com,https://www.samsung.com/cl/,Nivel 2,,,,,Tienda
La Fête Chocolat,"Quiénes somos.¿Qué es The Body Shop?.Cosmética cruelty free. Nació con la idea de que las empresas podían tener un impacto positivo en la sociedad y el planeta. Han mantenido su visión durante más de 40 años en los que han dedicado a romper las reglas, ser siempre sinceros y propiciar el cambio..¿Qué es La Fête Chocolat?..La Fête Chocolat nace para difundir alegría a través de los mejores chocolates del mundo. Impulsados por una obsesión por la calidad, viajan por las regiones cacaoteras más destacadas del mundo en busca de los mejores ingredientes naturales. Su enfoque innovador y creativo se refleja en cada bombón, galleta y chocolate, cuidando cada detalle, desde la selección de ingredientes hasta el diseño final. Chocolates de cacao trazable con envases aptos para ser reciclados. En esta tienda de La Fête también puedes encontrar una exclusiva cafetería con distintas opciones para llevar..Te podría interesar.Descubre que otras tiendas o espacios de MUT podrían ser de tu interés. Visita nuestro mercado y encuentra todo aquello que necesitas..#ffffff.PróximamenteChocolatería.Tienda.</p>
",https://mut.cl/tiendas/la-fete/,https://www.instagram.com/lafetechocolat/?hl=es; https://www.facebook.com/lafetechocolat/?locale=es_LA,L-D:10:00 - 20:00 ,www.lafetechocolat.com,https://cl.lafetechocolat.com/,Nivel 1,,,,,Tienda
Work Café Santander,"Quiénes somos.¿Qué es The Body Shop?.Cosmética cruelty free. Nació con la idea de que las empresas podían tener un impacto positivo en la sociedad y el planeta. Han mantenido su visión durante más de 40 años en los que han dedicado a romper las reglas, ser siempre sinceros y propiciar el cambio..¿Qué es Work Café Santander?..Los innovadores espacios de Work Café van más allá de ser una cafetería o lugar de trabajo convencional. Su enfoque está en integrar tecnología y emprendimiento, brindando a las personas la oportunidad de trabajar mientras interactúan con otros profesionales y expanden sus proyectos. Estos espacios ofrecen áreas de coworking para el desarrollo de proyectos y presentan un nuevo modelo de oficina, permitiendo a empresarios, emprendedores y clientes tomar decisiones sobre cómo y cuándo llevar a cabo sus gestiones..Te podría interesar.Descubre que otras tiendas o espacios de MUT podrían ser de tu interés. Visita nuestro mercado y encuentra todo aquello que necesitas..#ffffff.PróximamenteCafetería.CoWork.</p>
",https://mut.cl/tiendas/work-cafe-santander/,https://www.instagram.com/santanderchile/?hl=es; https://www.facebook.com/WorkCafeSantanderChile/?locale=es_LA,L-S: 9:00 - 17:00  V: 9:00 - 14:00  D-S& F: Cerrado,www.workcafe.cl,https://www.workcafe.cl/,Nivel 1,,,,,Tienda
SNOG,"Quiénes somos.¿Qué es The Body Shop?.Cosmética cruelty free. Nació con la idea de que las empresas podían tener un impacto positivo en la sociedad y el planeta. Han mantenido su visión durante más de 40 años en los que han dedicado a romper las reglas, ser siempre sinceros y propiciar el cambio..¿Qué es SNOG?..Snog es para los que buscan lo extraordinario, con productos de diseño nacional, local y responsable. En su selección encontrarás marcas como Komono, Snog y Ucon Acrobatics, asegurando calidad y autenticidad en cada artículo que ofrecen..Te podría interesar.Descubre que otras tiendas o espacios de MUT podrían ser de tu interés. Visita nuestro mercado y encuentra todo aquello que necesitas..#ffffff.PróximamenteRopa.</p>
",https://mut.cl/tiendas/sno/,https://www.instagram.com/tiendasnog/; https://www.facebook.com/snogtienda,L-D: 10:00 - 20:00,www.tiendasnog.com,https://www.tiendasnog.com/,Nivel -1,,,,,Tienda
Proyecto Ensamble,"Quiénes somos.¿Qué es The Body Shop?.Cosmética cruelty free. Nació con la idea de que las empresas podían tener un impacto positivo en la sociedad y el planeta. Han mantenido su visión durante más de 40 años en los que han dedicado a romper las reglas, ser siempre sinceros y propiciar el cambio..¿Qué es Proyecto Ensamble?..Proyecto Ensamble fusiona educación y creatividad a través de objetos de papel ensamblables, disponibles en una variedad de formas, colores y diseños para todas las edades. Su objetivo principal es fomentar la resolución de problemas desde la creatividad, ofreciendo una alternativa a las actividades tecnológicas y brindando una experiencia de aprendizaje interactiva y divertida..Te podría interesar.Descubre que otras tiendas o espacios de MUT podrían ser de tu interés. Visita nuestro mercado y encuentra todo aquello que necesitas..#ffffff.PróximamenteJuguetería.Papelería.Tienda.</p>
",https://mut.cl/tiendas/proyecto-ensamble/,https://www.instagram.com/ensamble/?hl=es-la; https://www.facebook.com/proyectoensamble/?locale=es_LA,L-S: 10:00 - 20:00 D & F: 10:00 - 19:00,www.proyectoensamble.com,https://proyectoensamble.com/,Nivel -1,,,,,Tienda
Plaza Música,"Quiénes somos.¿Qué es The Body Shop?.Cosmética cruelty free. Nació con la idea de que las empresas podían tener un impacto positivo en la sociedad y el planeta. Han mantenido su visión durante más de 40 años en los que han dedicado a romper las reglas, ser siempre sinceros y propiciar el cambio..¿Qué es Plaza Música?..Plaza Música ofrece una experiencia musical única con su amplia colección de vinilos, CDs, tornamesas y accesorios. Es el lugar de encuentro de los músicos con su gente, ya saben que la junta es en plaza, donde todo está pasando..Te podría interesar.Descubre que otras tiendas o espacios de MUT podrían ser de tu interés. Visita nuestro mercado y encuentra todo aquello que necesitas..#ffffff.PróximamenteMúsica.Tienda.</p>
",https://mut.cl/tiendas/plaza-musica/,https://www.instagram.com/plazamusicacl/?hl=es; https://es-la.facebook.com/plazamusicacl/,L-S: 10:00 - 20:00 D & F: 10:00 - 19:00,www.plazamúsica.cl,https://www.plazamusica.cl/,Nivel -1,,,,,Tienda
Larry,"Quiénes somos.¿Qué es The Body Shop?.Cosmética cruelty free. Nació con la idea de que las empresas podían tener un impacto positivo en la sociedad y el planeta. Han mantenido su visión durante más de 40 años en los que han dedicado a romper las reglas, ser siempre sinceros y propiciar el cambio..¿Qué es Larry?..Somos una tienda de Diseño y decoración made in Chile. Fabricamos muchos de  nuestros productos, muebles, textiles, cuadros, objetos y una línea de cerámica y serigrafía, en nuestro taller. Creemos que es posible desarrollar una línea de productos locales, con un estilo propio y el trabajo tradicional de artesanos calificados. También recolectamos objetos bonitos que complementan nuestra línea..Te podría interesar.Descubre que otras tiendas o espacios de MUT podrían ser de tu interés. Visita nuestro mercado y encuentra todo aquello que necesitas..#ffffff.PróximamenteArte.Cerámica.Decoración.Hogar.Muebles.Tienda.</p>
",https://mut.cl/tiendas/larry/,https://www.instagram.com/tiendalarry/?hl=es-la; https://www.facebook.com/tiendalarry/,L-D: 10:00 - 20:00 ,www.tiendalarry.cl,https://www.tiendalarry.cl/,Nivel 3,3,,,,Tienda
Lamy,"Quiénes somos.¿Qué es The Body Shop?.Cosmética cruelty free. Nació con la idea de que las empresas podían tener un impacto positivo en la sociedad y el planeta. Han mantenido su visión durante más de 40 años en los que han dedicado a romper las reglas, ser siempre sinceros y propiciar el cambio..¿Qué es Lamy?..Lamy es una tienda de instrumentos de escritura con un diseño de gran calidad, moderna estética atemporal y perfecta funcionalidad. Con su variedad de diseños innovadores, buscan demostrar que un instrumento de escritura es mucho más que un objeto de consumo: un auténtico accesorio para el estilo de vida que aporta placer al escribir a mano y recalca la individualidad de su dueño..Te podría interesar.Descubre que otras tiendas o espacios de MUT podrían ser de tu interés. Visita nuestro mercado y encuentra todo aquello que necesitas..#ffffff.PróximamenteAccesorios.Escritura.Tienda.Urbano.</p>
",https://mut.cl/tiendas/lamy/,https://www.instagram.com/lamyshopchile.cl/?hl=es; https://www.facebook.com/LAMYChile/?locale=es_LA,L-S: 10:00 - 20:00 D & F: 10:00 - 19:00,www.lamychile.cl,https://www.lamychile.cl/,Nivel -1,,,,,Tienda
La Relojería,"Quiénes somos.¿Qué es The Body Shop?.Cosmética cruelty free. Nació con la idea de que las empresas podían tener un impacto positivo en la sociedad y el planeta. Han mantenido su visión durante más de 40 años en los que han dedicado a romper las reglas, ser siempre sinceros y propiciar el cambio..¿Qué es La Relojería?..La Relojería es una tienda que ofrece las marcas más exclusivas de relojes. Con más de 2000 productos para hombres y mujeres, entrega una amplia gama de diseños y estilos. ¡Encuentra el complemento perfecto para tu día a día!..Te podría interesar.Descubre que otras tiendas o espacios de MUT podrían ser de tu interés. Visita nuestro mercado y encuentra todo aquello que necesitas..#ffffff.PróximamenteAccesorios.Relojes.Tienda.Urbano.</p>
",https://mut.cl/tiendas/la-relojeria/,https://www.instagram.com/larelojeriacl/; https://www.facebook.com/larelojeriacl/,L-S: 10:00 - 20:00 D & F: 10:00 - 19:00,www.larelojeria.cl,https://larelojeria.cl/,Nivel -3,,,,,Tienda
La Plage,"Quiénes somos.¿Qué es The Body Shop?.Cosmética cruelty free. Nació con la idea de que las empresas podían tener un impacto positivo en la sociedad y el planeta. Han mantenido su visión durante más de 40 años en los que han dedicado a romper las reglas, ser siempre sinceros y propiciar el cambio..¿Qué es La Plage?..Es un French Concept Store que fusiona exclusivas marcas para hombres y mujeres con una cuidada selección de prendas streetwear unisex, joyas, discos, gorras, arte y más. Reúne marcas excepcionales en Chile como by Parra, Obey, Jungles, Teva, Carrots, Fucking Awesome, Only NYC, entre otras..Te podría interesar.Descubre que otras tiendas o espacios de MUT podrían ser de tu interés. Visita nuestro mercado y encuentra todo aquello que necesitas..#ffffff.PróximamenteAccesorios.Música.Ropa.Tienda.Urbano.</p>
",https://mut.cl/tiendas/la-plag/,https://www.instagram.com/laplagestore/?hl=e; https://www.facebook.com/laplagestore/,L-D: 10:00 - 20:00,www.laplage.cl,https://laplage.cl/,Nivel -1,,,,,Tienda
Ecocitex,"Quiénes somos.¿Qué es The Body Shop?.Cosmética cruelty free. Nació con la idea de que las empresas podían tener un impacto positivo en la sociedad y el planeta. Han mantenido su visión durante más de 40 años en los que han dedicado a romper las reglas, ser siempre sinceros y propiciar el cambio..¿Qué es Ecocitex?..Ecocitex es una empresa de economía circular textil que su misión es eliminar el desecho textil de chile generando un gran aporte social. Fabrica una amplia gama de productos, como hilado, tela, accesorios, entre otros elaborados de textil reciclado, además cuenta con una línea de Upcycling como mochilas, carteras, llaveros, porta mat, ente otros la mayoría hechos de jeans o prendas en desuso. Toda la producción y confección es nacional generando un impacto positivo ambiental..Te podría interesar.Descubre que otras tiendas o espacios de MUT podrían ser de tu interés. Visita nuestro mercado y encuentra todo aquello que necesitas..#ffffff.PróximamenteAccesorios.Decoración.Hogar.Tienda.</p>
",https://mut.cl/tiendas/ecocitex/,https://www.instagram.com/ecocitex/?hl=es; https://www.facebook.com/Ecocitex/,L-D: 10:00 - 20:00,www.ecocitex.cl,https://www.ecocitex.cl/,Nivel -1,,,,,Tienda
Monarch,"Quiénes somos.Te podría interesar.Descubre que otras tiendas o espacios de MUT podrían ser de tu interés. Visita nuestro mercado y encuentra todo aquello que necesitas..#ffffff.Próximamente.¿Qué es Monarch?..Somos una cadena de tiendas chilenas que ofrece una línea completa de   calcetines, pantys, ropa interior y poleras.   Fabricamos nuestros productos en nuestras propias plantas de producción en Chile. Para nosotros, que los diseños sean atractivos es esencial. Sentir la calidad y textura de la fibra es esencial. Que nuestras prendas  te queden cómodas  es esencial, Hoy Monarch…es esencial para ti.Ropa.</p>
",https://mut.cl/tiendas/monarch/,https://www.instagram.com/monarch_cl; https://es-la.facebook.com/Monarch.Chile/,L-S: 10:00 - 20:00 D & F: 10:00 - 19:00,www.monarch.cl,https://monarch.cl,Nivel -3  - local 3009,-3,3009,,,Tienda
Blush Bar,"Quiénes somos.Te podría interesar.Descubre que otras tiendas o espacios de MUT podrían ser de tu interés. Visita nuestro mercado y encuentra todo aquello que necesitas..#ffffff.Próximamente.¿Qué es Blush Bar?..Blush-Bar es un retailer de cosméticos en Chile que ofrece un portafolio de las mejores marcas del mundo. Fundado y creado por y para mujeres.Cosmética.</p>
",https://mut.cl/tiendas/blush-bar/,https://www.instagram.com/blushbarchile/; https://www.facebook.com/blushbarchile/,L-S: 10:00 - 20:00 D & F: 10:00 - 19:00,www.blush-bar.cl,https://www.blush-bar.cl/,Nivel 1 ,1,104,,,Tienda
Black Bubba,"Quiénes somos.¿Qué es Bubba Black?..Parte de la familia Bubba Bags, con ropa, mochilas, maletas y accesorios con un origen inspirado en la ciudad, todo en tonos negros y similares..Te podría interesar.Descubre que otras tiendas o espacios de MUT podrían ser de tu interés. Visita nuestro mercado y encuentra todo aquello que necesitas..#ffffff.0Ropa.Ropa.</p>
",https://mut.cl/tiendas/black-bubba/,https://www.instagram.com/blackbubba.cl/; https://www.facebook.com/blackbubba.cl,L-S: 10:00 - 20:00 D & F: 10:00 - 19:00,https://blackbubba.com/,https://blackbubba.com/,Piso 1,1,,,,Tienda
Central Orgánica,"¿Qué es Central Orgánica?..Central Orgánica nace para poder ofrecer productos de origen natural, artesanal y local, para así poder generar una conexión con la naturaleza y la vida saludable.Abarrotes.Gastronomía.</p>
",https://mut.cl/tiendas/organica/,https://www.instagram.com/centralorganica.cl/,L-S: 10:00 - 20:00 D & F: 10:00 - 19:00,https://tiendaorganica.cl/,https://tiendaorganica.cl/,Nivel -2,-2,,,,Tienda
Scalpers,"¿Qué es Scalpers?..Scalpers es una marca de moda española reconocida por su estilo contemporáneo y versátil. Ofrece colecciones de ropa para hombres, mujeres y niños, fusionando moda clásica con toques vanguardistas.Ropa.</p>
",https://mut.cl/tiendas/scalpers/,https://www.facebook.com/ScalpersChile/; https://www.instagram.com/scalperschile/?hl=es,L-S: 10:00 - 20:00 D & F: 10:00 - 19:00,https://cl.scalperscompany.com/,https://cl.scalperscompany.com/,Piso 1,1,,,,Tienda
SPID,"Quiénes somos.¿Qué es Spid?..Un nuevo formato de supermercados de Cencosud donde podrás encontrar todo lo necesario para tu día a día. Una propuesta de compra que hace foco en la cercanía y la rapidez. Puedes encontrarlos en el piso -3..Te podría interesar.Descubre que otras tiendas o espacios de MUT podrían ser de tu interés. Visita nuestro mercado y encuentra todo aquello que necesitas..#ffffff.PróximamenteSupermercado.</p>
",https://mut.cl/tiendas/spid/,https://www.instagram.com/spidchile/; https://www.facebook.com/Spidchile-100305485373377,L-S: 08:00 - 20:00 D & F: 09:00 - 20:00,www.spidchile.cl,https://spidchile.cl,Nivel -3  ,-3,3104,,,Tienda
Lipka,"Quiénes somos.Te podría interesar.Descubre que otras tiendas o espacios de MUT podrían ser de tu interés. Visita nuestro mercado y encuentra todo aquello que necesitas..#ffffff.Próximamente.¿Qué es Lipka?..Aromas desde 2010, nuestra historia está marcada por el dinamismo, la flexibilidad y una constante adaptación al mercado. Sin perder nuestra esencia, hemos podido adecuarnos a cada cliente y a cada estilo. Hemos sido siempre fieles a nuestros estándares de calidad y sabemos identificar las necesidades del consumidor.Hogar.</p>
",https://mut.cl/tiendas/lipka/,https://www.instagram.com/lipka_chile/; https://www.facebook.com/infolipka/,L-S: 10:00 - 20:00 D & F: 10:00 - 19:00,,,Nivel -3  ,-3,3011,,,Tienda
Roots Toys,"¿Qué es Roots Toys?..Juguetes de madera que funcionan como herramientas para el crecimiento infantil y al mismo tiempo la diversión.  Su amplia variedad de productos inspiran la curiosidad y el desarrollo de habilidades de los niños.Juguetería.</p>
",https://mut.cl/tiendas/roots-toys/,https://www.instagram.com/roots_toys; https://www.facebook.com/RootsToys,L-D: 10:00 - 20:00,www.rootstoys.cl,https://rootstoys.cl/,Piso -1,Piso -1,1005,+56982081590,hello@rootstoys.cl,Tienda
Silvestre,"¿Qué es Silvestre?..Silvestre es una tienda de ropa y accesorios de cuero, que busca rescatar la ropa estilo bondage por medio de un material noble y un proceso 100% artesanalRopa.</p>
",https://mut.cl/tiendas/silvestre/,,L-S: 10:00 - 20:00 D & F: 10:00 - 19:00,www.silvestregv.cl,https://silvestregv.cl/,Piso -1,,,,,Tienda
Skechers,"Quiénes somos.Te podría interesar.Descubre que otras tiendas o espacios de MUT podrían ser de tu interés. Visita nuestro mercado y encuentra todo aquello que necesitas..#ffffff.0.¿Qué es Skechers?..Skechers, una marca global, galardonada y multimillonaria, diseña y desarrolla productos de Lifestyle y Performance conocidos por su estilo, innovación, calidad y comodidad. Junto con su variada oferta de calzado, la compañía posee colecciones para vestir desde la cabeza a los pies para hombres, mujeres y niños incluyen una creciente gama de prendas y accesorios.Zapatería.</p>
",https://mut.cl/tiendas/skechers/,https://www.instagram.com/skecherschile/; https://www.facebook.com/skechers.chile,L-D: 10:00 - 20:00 ,www.skechers.cl,https://www.skechers.cl/,Piso 1,1,132,,,Tienda
Adidas,"Quiénes somos.¿Qué es Adidas?.La tienda más grande de Adidas Originals en Chile. Celebrando la originalidad desde 1972. Remezclando el pasado. Creando el futuro..¿Qué es Adidas?..La tienda más grande de Adidas Originals en Chile. Celebrando la originalidad desde 1972. Remezclando el pasado. Creando el futuro..Te podría interesar.Descubre que otras tiendas o espacios de MUT podrían ser de tu interés. Visita nuestro mercado y encuentra todo aquello que necesitas..#ffffff.0Accesorios.Tienda.</p>
",https://mut.cl/tiendas/adidas/,https://www.instagram.com/adidascl/; https://www.facebook.com/adidasCL/,L-S: 10:00 - 20:00 D & F: 10:00 - 19:00,www.adidas.cl,https://www.adidas.cl/,Nivel 1  - local 23,1,23,,,Tienda
Vístete Local,"Quiénes somos.¿Qué es Vístete Local?..Tienda que visibiliza, acerca y promueve diseñadores y marcas de moda locales,  reuniéndolas en un sólo lugar. Fortalecen y difunden oficios que construyen identidad, como joyas, accesorios, vestuarios y libros..Te podría interesar.Descubre que otras tiendas o espacios de MUT podrían ser de tu interés. Visita nuestro mercado y encuentra todo aquello que necesitas..#ffffff.0Ropa.</p>
",https://mut.cl/tiendas/vistete-local/,https://www.instagram.com/nashionit/,L-S: 10:00 - 20:00 D & F: 10:00 - 19:00,www.nashionit.com,https://nashionit.com/,Nivel -1  - local M11,-1,M11,,,Tienda
Viale Joyas,"Quiénes somos.¿Qué es Viale Joyas?..Colecciones de joyas de autor compuestas por aros, collares, anillos y pulseras. Hechas a mano de enchape de oro de 18k, plata 925, gold filled y piedras naturales..Te podría interesar.Descubre que otras tiendas o espacios de MUT podrían ser de tu interés. Visita nuestro mercado y encuentra todo aquello que necesitas..#ffffff.PróximamenteJoyas.</p>
",https://mut.cl/tiendas/viale-joyas/,https://www.instagram.com/vialejoyas; https://www.facebook.com/vialejoyas,L-S: 10:00 - 20:00 D & F: 10:00 - 19:00,,,Nivel -1  ,-1,1022,,,Tienda
Toty Stone,"Quiénes somos.¿Qué es Toty Stone?..Con el objetivo de ayudar a las personas a preservar el conocimiento, los trabajos antiguos y la cultura. Toty Stone elabora joyas de autor que sanan tu energía y abren tus chakras, realizadas con plata de ley, lapislázuli y piedra natural..Te podría interesar.Descubre que otras tiendas o espacios de MUT podrían ser de tu interés. Visita nuestro mercado y encuentra todo aquello que necesitas..#ffffff.PróximamenteJoyas.</p>
",https://mut.cl/tiendas/toty-stone/,https://www.instagram.com/totystone/; https://www.facebook.com/totystone.cl/,L-S: 10:00 - 20:00 D & F: 10:00 - 19:00,www.totystone.com,https://chile.totystone.com/,Nivel -1  ,-1,1116,,,Tienda
The Plant Store,"Quiénes somos.¿Qué es The Plant Store?..Maceteros, asesorías y una gran diversidad de plantas de interior, es lo que se puede encontrar en esta tienda que busca crear comunidad y juntar a los plantlovers con la excusa de vivir la experiencia y el amor por lo verde. Especializados en plantas de interior y dedicados a la creación de maceteros de autor, poniendo en valor el arte y lo hecho a mano. .Te podría interesar.Descubre que otras tiendas o espacios de MUT podrían ser de tu interés. Visita nuestro mercado y encuentra todo aquello que necesitas..#ffffff.PróximamenteHogar.</p>
",https://mut.cl/tiendas/the-plant-store/,https://www.instagram.com/theplantstore.cl/; https://www.facebook.com/Theplantstorestgo,L-S: 10:00 - 20:00 D & F: 10:00 - 19:00,www.theplantstore.cl,https://theplantstore.cl/,Nivel -1  ,-1,1048,,,Tienda
Rincón Himalaya,"Quiénes somos.¿Qué es Rincón Himalaya?..Empresa familiar con mas de 30 años de experiencia en productos de la India y el Oriente, además de una serie de marcas propias con las mejores calidades..Te podría interesar.Descubre que otras tiendas o espacios de MUT podrían ser de tu interés. Visita nuestro mercado y encuentra todo aquello que necesitas..#ffffff.PróximamenteHogar.Tienda.</p>
",https://mut.cl/tiendas/rincon-himalaya/,https://rinconhimalaya.cl/; https://www.instagram.com/rinconhimalaya/,L-S: 10:00 - 20:00 D & F: 10:00 - 19:00,www.rinconhimalaya.cl,https://rinconhimalaya.cl/?gclid=Cj0KCQiAj_CrBhD-ARIsAIiMxT9LX2bKJVvAChPHRyC4WfeW7CNhnCkrV43B5Wa775MhLT-l9DAZVtcaAkCfEALw_wcB,Nivel -1 ,-1,1024,,,Tienda
Pasquín,"Quiénes somos.¿Qué es Pasquin?..Pasquín es conformado un equipo de amantes de la innovación y el diseño. En base al &#8220;Design Thinking&#8221; se llegó a la idea de como transformar productos de corta vida útil (como stickers) a productos duraderos y reutilizables. La idea fue mutando y creciendo, de papelería mural, para luego llegar a los Posters y mini Posters Adhesivos. El pensamiento Pasquín es mejorar la vida cotidiana de las personas, a través, de un comercio justo y respetuoso..Te podría interesar.Descubre que otras tiendas o espacios de MUT podrían ser de tu interés. Visita nuestro mercado y encuentra todo aquello que necesitas..#ffffff.PróximamenteAccesorios.Hogar.</p>
",https://mut.cl/tiendas/pasquin/,https://www.instagram.com/tiendapasquin/; https://www.facebook.com/pasquin.design,L-S: 10:00 - 20:00 D & F: 10:00 - 19:00,www.tiendapasquin.cl,https://tiendapasquin.cl/,Nivel -1  ,-1,1024,,,Tienda
Ojo por Ojo,"Quiénes somos.Te podría interesar.Descubre que otras tiendas o espacios de MUT podrían ser de tu interés. Visita nuestro mercado y encuentra todo aquello que necesitas..#ffffff.Próximamente.¿Qué es Ojo por Ojo?..Librería de artes aplicadas de diseño, comunicación, arquitectura, ilustración y fotografía, entre otros.Arte.</p>
",https://mut.cl/tiendas/ojo-por-ojo/,,L-S: 10:00 - 20:00 D & F: 10:00 - 19:00,,,Nivel -1  - local L03,-1,L03,,,Tienda
NS Leather,"Quiénes somos.Te podría interesar.Descubre que otras tiendas o espacios de MUT podrían ser de tu interés. Visita nuestro mercado y encuentra todo aquello que necesitas..#ffffff.0.¿Qué es NS Leather?..Marcas que desarrolla objetos y accesorios en cuero, hechos a mano con materiales nobles, cueros naturales, todos forrados en su interior son textiles de Bellavista Oveja Tome, herrajería de calidad y cierres YKK Brasil.Ropa.</p>
",https://mut.cl/tiendas/ns-leather/,,L-S: 10:00 - 20:00 D & F: 10:00 - 19:00,,,Nivel -1,-1,M10,,,Tienda
Museo Garment,"Quiénes somos.¿Qué es Museo Garment?..Museo, art garment, es diseño y producción de indumentaria esencialmente masculina. Proponemos concebir el vestuario como la creación de una obra de arte..Te podría interesar.Descubre que otras tiendas o espacios de MUT podrían ser de tu interés. Visita nuestro mercado y encuentra todo aquello que necesitas..#ffffff.PróximamenteRopa.</p>
",https://mut.cl/tiendas/museo-garment/,https://instagram.com/museogarment; https://www.facebook.com/museogarment,L-S: 10:00 - 20:00 D & F: 10:00 - 19:00,www.museogarment.com,https://museogarment.com/,Nivel -1  - local M08,-1,M08,,,Tienda
Blum Kidz,"Quiénes somos.¿Qué es Blum Kids?..Marca dedicada a crear ropa y accesorios para niños y bebés con un enfoque en la calidad, comodidad y sostenibilidad. Su principal compromiso es utilizar materiales nobles y naturales, como el lino y el algodón, para crear prendas suaves y delicadas que cuiden la piel de los más pequeños. Combinan belleza, comodidad y sostenibilidad para brindar prendas y accesorios confeccionados a mano con amor, mientras cuidamos el mundo en el que crecerán..Te podría interesar.Descubre que otras tiendas o espacios de MUT podrían ser de tu interés. Visita nuestro mercado y encuentra todo aquello que necesitas..#ffffff.PróximamenteNiños.Ropa.</p>
",https://mut.cl/tiendas/moma-kids/,https://www.instagram.com/blumkidz/,L-S: 10:00 - 20:00 D & F: 10:00 - 19:00,www.momakidz.cl,https://www.momakidz.cl,Nivel -1,-1,M15,,,Tienda
Migo,"Quiénes somos.¿Qué es Migo?..Entusiastas de la fotografía que han querido aportar creando un laboratorio profesional y amigable. Preocupados de dar un servicio de calidad, proponer nuevas ideas y buscar productos atractivos. Revelan, digitalizan y pasan a papel distintos formatos..Te podría interesar.Descubre que otras tiendas o espacios de MUT podrían ser de tu interés. Visita nuestro mercado y encuentra todo aquello que necesitas..#ffffff.PróximamenteAccesorios.Fotografía.</p>
",https://mut.cl/tiendas/migo/,https://www.instagram.com/migolab/; https://www.facebook.com/migolab/,L-S: 10:00 - 20:00 D & F: 10:00 - 19:00,www.migo.cl,https://www.migo.cl,Nivel -1  - local 1030,-1,1030,,,Tienda
Majen,"Quiénes somos.¿Qué es Majen?..Productos de cosmética que nacen con el propósito de conectar a las personas con sus cuerpos y emociones. Realizan mezclas únicas del milenario bosque valdiviano, donde combinan pureza, diseño responsable y elaboración a mano. .Te podría interesar.Descubre que otras tiendas o espacios de MUT podrían ser de tu interés. Visita nuestro mercado y encuentra todo aquello que necesitas..#ffffff.0Cosmética.</p>
",https://mut.cl/tiendas/majen/,https://www.instagram.com/majencosmetica/; https://www.facebook.com/majencosmetica,L-S: 10:00 - 20:00 D & F: 10:00 - 19:00,www.majen.cl,https://www.majen.cl,Nivel -1  - local 1033,-1,1033,,,Tienda
Libro Verde,"Quiénes somos.Te podría interesar.Descubre que otras tiendas o espacios de MUT podrían ser de tu interés. Visita nuestro mercado y encuentra todo aquello que necesitas..#ffffff.¿Qué es Libro Verde?..Editorial y librería independiente. Enfocada en temáticas de ecología, flora y fauna, divulgación científica, sustentabilidad, pueblos originarios y literatura para niñas y niños, entre otros. El catálogo proviene de la vinculación directa con pequeñas editoriales, fundaciones, investigadores e ilustradores de naturaleza..PróximamenteLibrería.</p>
",https://mut.cl/tiendas/libro-verde/,https://www.instagram.com/libreria_libroverde; https://www.facebook.com/librerialibroverde/,L-S: 10:00 - 20:00 D & F: 10:00 - 19:00,www.libroverde.org,https://libroverde.org,Nivel -1  - local 1017,-1,1017,,,Tienda
Khalu Champú,"Quiénes somos.¿Qué es Khalu Champú?..Tienda dedicada a la fabricación de productos de higiene desde un enfoque sostenible. Están en constante búsqueda de ingredientes 100% renovables, de origen vegetal y de comercio justo, al igual que en contacto con la agricultura y artesanía local. Además, sus productos no son testeados en animales..Te podría interesar.Descubre que otras tiendas o espacios de MUT podrían ser de tu interés. Visita nuestro mercado y encuentra todo aquello que necesitas..#ffffff.PróximamenteCosmética.</p>
",https://mut.cl/tiendas/khalu-champu/,,L-S: 10:00 - 20:00 D & F: 10:00 - 19:00,,,Nivel -1  ,-1,1000-7,,,Tienda
El Florista,"Quiénes somos.¿Qué es El Florista?..Flores secas, frescas, preservadas, coronas y arreglos listos para decorar. Sus floristas recolectan día a día las flores y, manualmente, confeccionan, mezclan colores, aromas y texturas..Te podría interesar.Descubre que otras tiendas o espacios de MUT podrían ser de tu interés. Visita nuestro mercado y encuentra todo aquello que necesitas..#ffffff.PróximamenteFlores.Hogar.</p>
",https://mut.cl/tiendas/el-florista/,https://www.instagram.com/elflorista.cl/,L-S: 10:00 - 20:00 D & F: 10:00 - 19:00,www.elflorista.cl,https://elflorista.cl,Nivel -1 ,-1,1000-6,,,Tienda
De La Mafia &#038; Bastardo,"Quiénes somos.Quiénes somos.¿Qué es De La Mafia &#038; Bastardo?.Marca de accesorios premium fue creada el año 2014 en Santiago con la idea de mezclar el diseño y la manufactura en cuero, para obtener productos de calidad con buenas terminaciones. Son creados en Chile con manos experimentadas que han llevado el oficio durante décadas..Te podría interesar.Descubre que otras tiendas o espacios de MUT podrían ser de tu interés. Visita nuestro mercado y encuentra todo aquello que necesitas..#ffffff.PróximamenteRopa.</p>
",https://mut.cl/tiendas/de-la-mafia-bastardo/,https://www.instagram.com/_delamafia_/; https://www.facebook.com/DLMhandcrafts/,L-S: 10:00 - 20:00 D & F: 10:00 - 19:00,www.delamafia.com,https://delamafia.com/,Nivel -1  - local 1120,-1,1120,,,Tienda
Creado en Chile,"Quiénes somos.¿Qué es Creado en Chile?..Tienda que impulsa el patrimonio creativo en el país. Desde 2014 han descubierto y congregado a cientos de creadores chilenos en las ramas del arte, diseño, artesanía y más. Reúne a creadores consagrados y emergentes, con un criterio de selección la clave para atraer creadores de calidad..Te podría interesar.Descubre que otras tiendas o espacios de MUT podrían ser de tu interés. Visita nuestro mercado y encuentra todo aquello que necesitas..#ffffff.PróximamenteHogar.</p>
",https://mut.cl/tiendas/creado-en-chile/,https://www.instagram.com/creadoenchile/; https://www.facebook.com/sharer/sharer.php?u=https%3A%2F%2Fcreadoenchile.cl,L-S: 10:00 - 20:00 D & F: 10:00 - 19:00,www.creadoenchile.cl,https://creadoenchile.cl/,Nivel -1  ,-1,1013,,,Tienda
Cooperativa Moda y Diseño de Autor,"Quiénes somos.Te podría interesar.Descubre que otras tiendas o espacios de MUT podrían ser de tu interés. Visita nuestro mercado y encuentra todo aquello que necesitas..#ffffff.Próximamente.¿Qué es COOM?..COOM es una Cooperativa de Moda y Diseño de Autor que integra vestuario, accesorios, joyería y calzado, que tiene como propósito ser un referente del diseño de moda contemporáneo, representando la identidad estética y cultural de Chile en colecciones colaborativas desde el concepto al producto.Ropa.</p>
",https://mut.cl/tiendas/cooperativa-moda-chile/,,L-S: 10:00 - 20:00 D & F: 10:00 - 19:00,,,Piso -1,-1,L05,,,Tienda
Cocó de la Vega,"Quiénes somos.¿Qué es Coco de la Vega?..Productos nacionales, diseñados y creados a mano. En esta tienda, se encuentran accesorios como aros, pañuelos, anillos y collares, muy coloridos y en todas sus formas..Te podría interesar.Descubre que otras tiendas o espacios de MUT podrían ser de tu interés. Visita nuestro mercado y encuentra todo aquello que necesitas..#ffffff.0Accesorios.</p>
",https://mut.cl/tiendas/coco-de-la-vega/,https://www.instagram.com/cocodelavega.cl,L-S: 10:00 - 20:00 D & F: 10:00 - 19:00,www.cocodelavega.cl,https://www.cocodelavega.cl/,Nivel -1  - local M04,-1,M04,,,Tienda
By Buenavista,"Quiénes somos.¿Qué es By Buenavista?..Mochilas para notebooks fabricadas con poliéster impermeable y respirable, de costuras reforzadas y acolchados. Con muchos colores para elegir, siempre manteniendo un diseño fresco. Cada modelo está pensado para acompañar a todas partes; trabajo, estudios, fin de semana en la playa o un paseo a la montaña..Te podría interesar.Descubre que otras tiendas o espacios de MUT podrían ser de tu interés. Visita nuestro mercado y encuentra todo aquello que necesitas..#ffffff.PróximamenteAccesorios.Mochilas.</p>
",https://mut.cl/tiendas/by-buenavista/,https://www.instagram.com/by_buenavista/,L-S: 10:00 - 20:00 D & F: 10:00 - 19:00,www.bybuenavista.cl,https://bybuenavista.cl,Nivel -1  ,-1,1112,,,Tienda
Bumi Lifestyle,"Quiénes somos.¿Qué es Bumi Lifestyle?..Es una eco-tienda que promueve el hábito de la reutilización para terminar con la cultura de lo desechable. Hay alternativas para el cuidado personal y para el hogar, sustentables, veganas, zero waste y local, en donde la economía circular es uno de los pilares más importantes..Te podría interesar.Descubre que otras tiendas o espacios de MUT podrían ser de tu interés. Visita nuestro mercado y encuentra todo aquello que necesitas..#ffffff.0Hogar.</p>
",https://mut.cl/tiendas/bumi-lifestyle/,https://www.instagram.com/bumilifestyle/?hl=en; https://www.facebook.com/bumilifestyle/,L-S: 10:00 - 20:00 D & F: 10:00 - 19:00,www.bumilifestyle.com,https://bumilifestyle.com/,Nivel -1  ,-1,M17,,,Tienda
Bom Beauty,"Quiénes somos.¿Qué es The Plant Store?.Maceteros, asesorías y una gran diversidad de plantas de interior, es lo que se puede encontrar en esta tienda que busca crear comunidad y juntar a los plantlovers con la excusa de vivir la experiencia y el amor por lo verde. Por un lado, se especializan en plantas de interior y, por otro, se dedican a la creación de maceteros de autor..¿Qué es Bom Beauty?..Es una tienda especializada en cosméticos coreanos. De su oferta, ninguno ha sido testeado en animales y prioriza aquellas marcas que tienen conciencia con el cuidado del medio ambiente..Te podría interesar.Descubre que otras tiendas o espacios de MUT podrían ser de tu interés. Visita nuestro mercado y encuentra todo aquello que necesitas..#ffffff.0Belleza.Cosmética.Tienda.</p>
",https://mut.cl/tiendas/bom-beauty/,,L-S: 10:00 - 20:00 D & F: 10:00 - 19:00,www.bombeauty.cl,https://www.bombeauty.cl/,Nivel -1  - local M06,-1,M06,,,Tienda
Ben&#038;Frank,"Quiénes somos.¿Qué es Ben &#038; Frank?.Es la primera tienda online mexicana de anteojos, fundada hace seis años con el objetivo de revolucionar el mercado de lentes ópticos y de sol en Latinoamérica..¿Qué es Ben&#038;Frank?..Ben&#038;Frank existe con la misión de crear #pitis orgullosxs, que porten sus lentes sin temor al qué dirán, con los marcos más onderos de la galaxia. Somos #pitis, demostramos nuestra identidad y personalidad única con nuestros lentes..Te podría interesar.Descubre que otras tiendas o espacios de MUT podrían ser de tu interés. Visita nuestro mercado y encuentra todo aquello que necesitas..#ffffff.PróximamenteÓpticas.</p>
",https://mut.cl/tiendas/ben-frank/,https://instagram.com/benandfrank.cl; https://facebook.com/benandfrank.cl,L-S: 10:00 - 20:00 D & F: 10:00 - 19:00,www.benandfrank.com,https://www.benandfrank.com,Nivel -1  ,-1,1037,,,Tienda
Bath &#038; Blanc,"Quiénes somos.¿Qué es Bath and Blanc?.Inspirados en la simpleza y elegancia, ofrecen una amplia variedad de aromas únicos para ambientes. También cuentan con una línea textil..¿Qué es Bath &#038; Blanc?..En Bath &#038; Blanc nos inspira la elegancia, la simpleza y esos aromas que hacen que tus espacios cobren un significado especial. Queremos transformar un espacio común, en un lugar único y en una experiencia diferente..Te podría interesar.Descubre que otras tiendas o espacios de MUT podrían ser de tu interés. Visita nuestro mercado y encuentra todo aquello que necesitas..#ffffff.PróximamenteHogar.</p>
",https://mut.cl/tiendas/bath-and-blanc/,https://www.instagram.com/bathandblanc/; https://www.facebook.com/bathandblanc,L-S: 10:00 - 20:00 D & F: 10:00 - 19:00,www.bathandblanc.cl,https://bathandblanc.cl,Nivel -1  ,-1,1011,,mutbathblanc@gmail.com,Tienda
Unaf Legumbres,"Quiénes somos.¿Qué es The Plant Store?.Maceteros, asesorías y una gran diversidad de plantas de interior, es lo que se puede encontrar en esta tienda que busca crear comunidad y juntar a los plantlovers con la excusa de vivir la experiencia y el amor por lo verde. Por un lado, se especializan en plantas de interior y, por otro, se dedican a la creación de maceteros de autor..Te podría interesar.Descubre que otras tiendas o espacios de MUT podrían ser de tu interés. Visita nuestro mercado y encuentra todo aquello que necesitas..#ffffff.Próximamente.¿Qué es Unaf Mercoop?..Es una iniciativa de comercialización directa para las cooperativas asociadas, de Arica a Magallanes, que ofrecerán sus productos: legumbres, frutos secos, carnes, mieles y jugos, entre otros.Abarrotes.</p>
",https://mut.cl/tiendas/unaf-legumbres/,,lun a SÁB  1:00 a 20:00 HRS dom 10:00 a 19:00 hrs,,,Nivel -2  ,-2,2000-19,,,Tienda
Pellín Frutos Secos,"Quiénes somos.¿Qué es Pellin Frutos Secos?..Te podría interesar.Descubre que otras tiendas o espacios de MUT podrían ser de tu interés. Visita nuestro mercado y encuentra todo aquello que necesitas..#ffffff.Próximamente.¿Qué es Pellín Frutos Secos?..Es un negocio que comercializa y distribuye una gran variedad de alimentos como frutos secos, productos naturales y deshidratados de alta calidad.Abarrotes.</p>
",https://mut.cl/tiendas/pellin-frutos-secos/,,L-S: 10:00 - 20:00 D & F: 10:00 - 19:00,,,Nivel -2  - local 2000-6,-2,2000-6,,,Tienda
Todo Moda,"Quiénes somos.¿Qué es Todo Moda?.Tienda de accesorios. Más que una marca, se describen como una comunidad que comparte amistad e ilusión y estar del lado de la vida de los que creen que todo es mejor con buena vibra. El propósito es potenciar la personalidad de las personas para que &#8220;seas quien quieras ser y que puedas contarle al mundo lo que tienes para decir&#8221;..¿Qué es Todo Moda?..Tienda de accesorios. Más que una marca, se describen como una comunidad que comparte amistad e ilusión y estar del lado de la vida de los que creen que todo es mejor con buena vibra. El propósito es potenciar la personalidad de las personas para que &#8220;seas quien quieras ser y que puedas contarle al mundo lo que tienes para decir&#8221;..Te podría interesar.Descubre que otras tiendas o espacios de MUT podrían ser de tu interés. Visita nuestro mercado y encuentra todo aquello que necesitas..#ffffff.PróximamenteAccesorios.Tienda.</p>
",https://mut.cl/tiendas/todo-moda/,https://www.instagram.com/todomodaoficial/; https://www.facebook.com/todomodachile/,L-S: 10:00 - 20:00 D & F: 10:00 - 19:00,www.todomoda.com,https://cl.todomoda.com,Piso -3,,,+ 569 745 470 86,infocl@todomoda.com,Tienda
The Body Shop,"Quiénes somos.¿Qué es The Body Shop?.Cosmética cruelty free. Nació con la idea de que las empresas podían tener un impacto positivo en la sociedad y el planeta. Han mantenido su visión durante más de 40 años en los que han dedicado a romper las reglas, ser siempre sinceros y propiciar el cambio..¿Qué es The Body Shop?..The Body Shop busca revolucionar la belleza de una manera ética, eficaz y vegana, con productos de cuidado para el rostro, cuerpo, cabello y fragancias. Habiendo sido pioneros en la filosofía de que el comercio puede ser una fuerza para el bien, gracias a su compromiso con el comercio justo con diferentes comunidades del mundo, envases reciclables, formulas veganas, causas sociales, y productos que no testean en animales, The Body Shop es una empresa certificada como B Corp. ¡Te invitamos a luchar por un mundo más justo y más bello!.Te podría interesar.Descubre que otras tiendas o espacios de MUT podrían ser de tu interés. Visita nuestro mercado y encuentra todo aquello que necesitas..#ffffff.PróximamenteBelleza.Tienda.</p>
",https://mut.cl/tiendas/the-body-shop/,https://www.instagram.com/thebodyshopchile/; https://www.facebook.com/thebodyshopCL/,L-S: 10:00 - 20:00 D & F: 10:00 - 19:00,www.thebodyshop.cl,https://thebodyshop.cl,Piso -3,,,,,Tienda
Natura,"Quiénes somos.¿Qué es Natura?.Multinacional brasilera de cosméticos que comenzó en 1969. Desde el primer día, construyeron un negocio con la misión de proporcionar el bien, relaciones armónicas del individuo consigo mismo, con los otros y con la naturaleza..¿Qué es Natura?..Multinacional brasilera de cosméticos que comenzó en 1969. Desde el primer día, construyeron un negocio con la misión de proporcionar el bien, relaciones armónicas del individuo consigo mismo, con los otros y con la naturaleza..Te podría interesar.Descubre que otras tiendas o espacios de MUT podrían ser de tu interés. Visita nuestro mercado y encuentra todo aquello que necesitas..#ffffff.0Belleza.Tienda.</p>
",https://mut.cl/tiendas/natura/,https://www.instagram.com/natura.chile; https://www.facebook.com/natura.chile,L-D: 10:00 - 20:00 ,www.natura.cl,https://www.natura.cl,Nivel -3  ,,,,,Tienda
All Nutrition,"Quiénes somos.¿Qué es All Nutrition?.Apasionados por el bienestar y la nutrición. All Nutrition está comprometido con brindar a cada persona una experiencia y asesoría excepcional, permitiéndoles acceder a los mejores y más innovadores productos que mejorarán su calidad de vida..¿Qué es All Nutrition?..All Nutrition es una tienda especializada en la venta de suplementos y nutrición. Ofrece una amplia variedad de productos, que incluyen las mejores marcas nacionales e internacionales, garantizado su autenticidad y seguridad. .Te podría interesar.Descubre que otras tiendas o espacios de MUT podrían ser de tu interés. Visita nuestro mercado y encuentra todo aquello que necesitas..#ffffff.PróximamenteBelleza.Tienda.</p>
",https://mut.cl/tiendas/all-nutrition/,https://www.instagram.com/allnutritiononline/; https://www.facebook.com/AllNutrition/,L-S: 10:00 - 20:00 D & F: 10:00 - 19:00,www.allnutrition.cl,https://allnutrition.cl,Nivel -3  ,,,,,Tienda
